   10.0000   10.0787   10.1575   10.2362   10.3150   10.3937   10.4724   10.5512   10.6299   10.7087   10.7874   10.8661   10.9449   11.0236   11.1024   11.1811   11.2598   11.3386   11.4173   11.4961   11.5748   11.6535   11.7323   11.8110   11.8898   11.9685   12.0472   12.1260   12.2047   12.2835   12.3622   12.4409   12.5197   12.5984   12.6772   12.7559   12.8346   12.9134   12.9921   13.0709   13.1496   13.2283   13.3071   13.3858   13.4646   13.5433   13.6220   13.7008   13.7795   13.8583   13.9370   14.0157   14.0945   14.1732   14.2520   14.3307   14.4094   14.4882   14.5669   14.6457   14.7244   14.8031   14.8819   14.9606   15.0394   15.1181   15.1969   15.2756   15.3543   15.4331   15.5118   15.5906   15.6693   15.7480   15.8268   15.9055   15.9843   16.0630   16.1417   16.2205   16.2992   16.3780   16.4567   16.5354   16.6142   16.6929   16.7717   16.8504   16.9291   17.0079   17.0866   17.1654   17.2441   17.3228   17.4016   17.4803   17.5591   17.6378   17.7165   17.7953   17.8740   17.9528   18.0315   18.1102   18.1890   18.2677   18.3465   18.4252   18.5039   18.5827   18.6614   18.7402   18.8189   18.8976   18.9764   19.0551   19.1339   19.2126   19.2913   19.3701   19.4488   19.5276   19.6063   19.6850   19.7638   19.8425   19.9213   20.0000
   10.0787   10.1392   10.1996   10.2601   10.3207   10.3814   10.4423   10.5033   10.5646   10.6261   10.6878   10.7498   10.8122   10.8748   10.9378   11.0012   11.0649   11.1290   11.1935   11.2584   11.3237   11.3894   11.4556   11.5221   11.5891   11.6565   11.7244   11.7926   11.8612   11.9303   11.9997   12.0695   12.1397   12.2102   12.2811   12.3523   12.4238   12.4957   12.5678   12.6402   12.7129   12.7858   12.8590   12.9324   13.0060   13.0798   13.1538   13.2280   13.3023   13.3769   13.4515   13.5263   13.6012   13.6763   13.7515   13.8268   13.9021   13.9776   14.0532   14.1289   14.2047   14.2806   14.3565   14.4326   14.5087   14.5850   14.6614   14.7378   14.8144   14.8911   14.9680   15.0450   15.1221   15.1994   15.2769   15.3546   15.4324   15.5105   15.5889   15.6675   15.7463   15.8255   15.9050   15.9848   16.0650   16.1456   16.2265   16.3080   16.3898   16.4722   16.5550   16.6384   16.7224   16.8069   16.8920   16.9778   17.0642   17.1513   17.2391   17.3276   17.4168   17.5067   17.5974   17.6888   17.7810   17.8740   17.9677   18.0622   18.1575   18.2535   18.3502   18.4477   18.5458   18.6446   18.7441   18.8442   18.9449   19.0461   19.1478   19.2501   19.3527   19.4557   19.5590   19.6626   19.7665   19.8705   19.9746   20.0787
   10.1575   10.1996   10.2418   10.2841   10.3265   10.3693   10.4123   10.4557   10.4995   10.5438   10.5885   10.6339   10.6798   10.7264   10.7737   10.8217   10.8704   10.9199   10.9701   11.0212   11.0731   11.1259   11.1795   11.2339   11.2891   11.3452   11.4022   11.4599   11.5185   11.5778   11.6379   11.6988   11.7604   11.8228   11.8858   11.9495   12.0138   12.0788   12.1443   12.2104   12.2770   12.3442   12.4118   12.4798   12.5483   12.6172   12.6865   12.7562   12.8261   12.8964   12.9670   13.0379   13.1090   13.1804   13.2520   13.3238   13.3958   13.4681   13.5405   13.6132   13.6860   13.7590   13.8322   13.9056   13.9792   14.0529   14.1269   14.2012   14.2756   14.3503   14.4252   14.5005   14.5760   14.6519   14.7281   14.8047   14.8817   14.9592   15.0371   15.1156   15.1946   15.2742   15.3544   15.4353   15.5169   15.5993   15.6825   15.7666   15.8516   15.9376   16.0245   16.1126   16.2017   16.2920   16.3836   16.4763   16.5704   16.6658   16.7626   16.8608   16.9605   17.0616   17.1642   17.2683   17.3739   17.4811   17.5898   17.7000   17.8118   17.9250   18.0397   18.1558   18.2733   18.3922   18.5124   18.6338   18.7564   18.8800   19.0047   19.1304   19.2569   19.3841   19.5120   19.6404   19.7693   19.8985   20.0279   20.1575
   10.2362   10.2601   10.2841   10.3082   10.3327   10.3574   10.3827   10.4085   10.4349   10.4620   10.4899   10.5186   10.5482   10.5788   10.6104   10.6430   10.6768   10.7117   10.7478   10.7852   10.8237   10.8635   10.9046   10.9469   10.9904   11.0353   11.0813   11.1286   11.1771   11.2268   11.2777   11.3297   11.3828   11.4369   11.4921   11.5483   11.6055   11.6636   11.7225   11.7823   11.8429   11.9043   11.9664   12.0291   12.0925   12.1565   12.2211   12.2862   12.3518   12.4179   12.4844   12.5514   12.6187   12.6864   12.7545   12.8229   12.8916   12.9606   13.0299   13.0995   13.1694   13.2395   13.3100   13.3807   13.4517   13.5230   13.5947   13.6666   13.7389   13.8116   13.8847   13.9582   14.0321   14.1066   14.1815   14.2571   14.3332   14.4101   14.4876   14.5659   14.6450   14.7250   14.8060   14.8880   14.9711   15.0553   15.1407   15.2274   15.3156   15.4051   15.4962   15.5888   15.6832   15.7793   15.8771   15.9769   16.0786   16.1823   16.2881   16.3960   16.5060   16.6183   16.7328   16.8495   16.9686   17.0899   17.2135   17.3394   17.4675   17.5979   17.7305   17.8653   18.0021   18.1410   18.2818   18.4244   18.5688   18.7149   18.8624   19.0114   19.1617   19.3130   19.4654   19.6185   19.7724   19.9267   20.0814   20.2362
   10.3150   10.3207   10.3265   10.3327   10.3391   10.3461   10.3536   10.3619   10.3710   10.3810   10.3921   10.4042   10.4176   10.4323   10.4483   10.4657   10.4846   10.5050   10.5271   10.5507   10.5759   10.6029   10.6314   10.6617   10.6936   10.7273   10.7625   10.7994   10.8379   10.8780   10.9197   10.9628   11.0074   11.0535   11.1009   11.1496   11.1997   11.2509   11.3033   11.3569   11.4115   11.4671   11.5236   11.5811   11.6394   11.6986   11.7585   11.8191   11.8804   11.9423   12.0048   12.0678   12.1314   12.1954   12.2600   12.3249   12.3903   12.4561   12.5223   12.5889   12.6558   12.7232   12.7909   12.8589   12.9274   12.9963   13.0656   13.1353   13.2055   13.2761   13.3473   13.4191   13.4915   13.5645   13.6382   13.7127   13.7880   13.8642   13.9414   14.0195   14.0988   14.1792   14.2609   14.3440   14.4285   14.5145   14.6022   14.6915   14.7827   14.8759   14.9710   15.0683   15.1678   15.2696   15.3738   15.4805   15.5898   15.7018   15.8165   15.9341   16.0545   16.1778   16.3041   16.4334   16.5658   16.7012   16.8396   16.9811   17.1256   17.2730   17.4234   17.5767   17.7327   17.8915   18.0528   18.2165   18.3827   18.5510   18.7213   18.8935   19.0674   19.2428   19.4194   19.5972   19.7759   19.9552   20.1350   20.3150
   10.3937   10.3814   10.3693   10.3574   10.3461   10.3353   10.3253   10.3162   10.3081   10.3011   10.2955   10.2912   10.2884   10.2873   10.2878   10.2901   10.2942   10.3003   10.3083   10.3183   10.3304   10.3445   10.3607   10.3790   10.3994   10.4219   10.4464   10.4730   10.5015   10.5321   10.5646   10.5990   10.6352   10.6731   10.7128   10.7542   10.7971   10.8416   10.8875   10.9348   10.9835   11.0334   11.0845   11.1367   11.1900   11.2443   11.2996   11.3557   11.4127   11.4704   11.5289   11.5881   11.6479   11.7084   11.7694   11.8310   11.8931   11.9557   12.0188   12.0824   12.1464   12.2109   12.2759   12.3414   12.4073   12.4737   12.5407   12.6082   12.6763   12.7449   12.8143   12.8843   12.9552   13.0268   13.0993   13.1727   13.2472   13.3227   13.3995   13.4775   13.5569   13.6378   13.7202   13.8043   13.8902   13.9781   14.0679   14.1599   14.2542   14.3509   14.4501   14.5520   14.6566   14.7641   14.8746   14.9882   15.1050   15.2252   15.3488   15.4759   15.6066   15.7409   15.8790   16.0208   16.1664   16.3157   16.4689   16.6259   16.7866   16.9510   17.1191   17.2907   17.4658   17.6443   17.8260   18.0107   18.1984   18.3888   18.5817   18.7770   18.9743   19.1735   19.3744   19.5766   19.7799   19.9840   20.1887   20.3937
   10.4724   10.4423   10.4123   10.3827   10.3536   10.3253   10.2979   10.2715   10.2463   10.2226   10.2003   10.1798   10.1610   10.1442   10.1293   10.1166   10.1061   10.0979   10.0920   10.0886   10.0875   10.0890   10.0929   10.0994   10.1083   10.1197   10.1336   10.1499   10.1687   10.1898   10.2132   10.2389   10.2667   10.2967   10.3287   10.3627   10.3987   10.4364   10.4759   10.5171   10.5598   10.6041   10.6498   10.6968   10.7451   10.7946   10.8452   10.8969   10.9496   11.0033   11.0578   11.1132   11.1693   11.2262   11.2837   11.3419   11.4008   11.4602   11.5203   11.5809   11.6420   11.7038   11.7661   11.8289   11.8923   11.9564   12.0210   12.0863   12.1523   12.2190   12.2866   12.3549   12.4242   12.4944   12.5657   12.6381   12.7117   12.7867   12.8630   12.9409   13.0204   13.1017   13.1849   13.2701   13.3574   13.4470   13.5391   13.6337   13.7310   13.8312   13.9344   14.0408   14.1505   14.2637   14.3804   14.5009   14.6252   14.7535   14.8859   15.0225   15.1634   15.3086   15.4583   15.6125   15.7712   15.9344   16.1022   16.2745   16.4513   16.6325   16.8181   17.0079   17.2019   17.4000   17.6018   17.8074   18.0164   18.2287   18.4440   18.6622   18.8828   19.1056   19.3304   19.5568   19.7846   20.0133   20.2427   20.4724
   10.5512   10.5033   10.4557   10.4085   10.3619   10.3162   10.2715   10.2280   10.1860   10.1456   10.1070   10.0703   10.0357   10.0033    9.9733    9.9457    9.9207    9.8984    9.8788    9.8619    9.8479    9.8368    9.8286    9.8233    9.8209    9.8214    9.8248    9.8310    9.8400    9.8517    9.8662    9.8832    9.9028    9.9249    9.9493    9.9761   10.0051   10.0362   10.0693   10.1044   10.1413   10.1799   10.2202   10.2621   10.3055   10.3503   10.3964   10.4437   10.4922   10.5418   10.5924   10.6439   10.6964   10.7497   10.8038   10.8587   10.9144   10.9707   11.0277   11.0854   11.1437   11.2027   11.2623   11.3226   11.3835   11.4452   11.5076   11.5707   11.6346   11.6994   11.7651   11.8318   11.8995   11.9684   12.0385   12.1098   12.1827   12.2570   12.3330   12.4107   12.4904   12.5721   12.6560   12.7422   12.8310   12.9224   13.0166   13.1138   13.2141   13.3178   13.4250   13.5359   13.6506   13.7694   13.8923   14.0195   14.1512   14.2876   14.4287   14.5747   14.7256   14.8817   15.0429   15.2093   15.3809   15.5579   15.7401   15.9276   16.1203   16.3182   16.5211   16.7290   16.9417   17.1591   17.3809   17.6070   17.8372   18.0712   18.3087   18.5494   18.7930   19.0393   19.2877   19.5381   19.7900   20.0431   20.2969   20.5512
   10.6299   10.5646   10.4995   10.4349   10.3710   10.3081   10.2463   10.1860   10.1273   10.0705   10.0156    9.9630    9.9127    9.8650    9.8199    9.7777    9.7384    9.7021    9.6689    9.6389    9.6121    9.5886    9.5684    9.5515    9.5379    9.5276    9.5205    9.5167    9.5161    9.5186    9.5241    9.5327    9.5441    9.5584    9.5753    9.5949    9.6170    9.6416    9.6684    9.6975    9.7286    9.7617    9.7968    9.8336    9.8721    9.9122    9.9538    9.9968   10.0411   10.0867   10.1334   10.1812   10.2301   10.2799   10.3306   10.3823   10.4347   10.4880   10.5420   10.5968   10.6523   10.7086   10.7656   10.8233   10.8818   10.9411   11.0012   11.0622   11.1241   11.1870   11.2509   11.3160   11.3822   11.4497   11.5186   11.5890   11.6610   11.7347   11.8103   11.8880   11.9678   12.0499   12.1345   12.2218   12.3119   12.4050   12.5014   12.6012   12.7045   12.8116   12.9228   13.0381   13.1578   13.2820   13.4111   13.5450   13.6840   13.8283   13.9780   14.1333   14.2942   14.4609   14.6335   14.8120   14.9965   15.1870   15.3835   15.5859   15.7944   16.0087   16.2287   16.4544   16.6856   16.9221   17.1637   17.4101   17.6612   17.9166   18.1759   18.4390   18.7053   18.9747   19.2466   19.5206   19.7964   20.0735   20.3515   20.6299
   10.7087   10.6261   10.5438   10.4620   10.3810   10.3011   10.2226   10.1456   10.0705    9.9973    9.9265    9.8581    9.7924    9.7296    9.6697    9.6130    9.5595    9.5095    9.4629    9.4198    9.3804    9.3447    9.3126    9.2843    9.2596    9.2387    9.2214    9.2077    9.1976    9.1910    9.1878    9.1879    9.1913    9.1978    9.2074    9.2200    9.2353    9.2534    9.2740    9.2971    9.3226    9.3503    9.3801    9.4119    9.4456    9.4811    9.5183    9.5570    9.5972    9.6388    9.6817    9.7259    9.7712    9.8176    9.8650    9.9134    9.9627   10.0129   10.0640   10.1159   10.1687   10.2223   10.2767   10.3319   10.3881   10.4451   10.5030   10.5619   10.6218   10.6828   10.7449   10.8083   10.8731   10.9392   11.0070   11.0764   11.1476   11.2207   11.2960   11.3735   11.4534   11.5360   11.6213   11.7096   11.8011   11.8960   11.9945   12.0968   12.2031   12.3136   12.4286   12.5483   12.6729   12.8026   12.9376   13.0782   13.2244   13.3766   13.5348   13.6992   13.8699   14.0472   14.2310   14.4214   14.6185   14.8223   15.0329   15.2502   15.4741   15.7046   15.9415   16.1848   16.4342   16.6895   16.9506   17.2171   17.4887   17.7652   18.0461   18.3312   18.6200   18.9121   19.2071   19.5044   19.8038   20.1046   20.4064   20.7087
   10.7874   10.6878   10.5885   10.4899   10.3921   10.2955   10.2003   10.1070   10.0156    9.9265    9.8399    9.7561    9.6751    9.5974    9.5229    9.4519    9.3845    9.3209    9.2611    9.2053    9.1534    9.1056    9.0619    9.0223    8.9868    8.9553    8.9279    8.9045    8.8850    8.8694    8.8576    8.8495    8.8450    8.8439    8.8463    8.8518    8.8605    8.8722    8.8867    8.9040    8.9239    8.9462    8.9709    8.9978    9.0268    9.0577    9.0906    9.1251    9.1613    9.1990    9.2382    9.2787    9.3205    9.3635    9.4076    9.4528    9.4991    9.5463    9.5945    9.6437    9.6937    9.7447    9.7966    9.8494    9.9031    9.9578   10.0136   10.0704   10.1284   10.1875   10.2479   10.3097   10.3730   10.4379   10.5045   10.5729   10.6434   10.7160   10.7909   10.8683   10.9484   11.0313   11.1174   11.2067   11.2995   11.3961   11.4967   11.6015   11.7107   11.8246   11.9434   12.0674   12.1968   12.3319   12.4729   12.6199   12.7733   12.9331   13.0997   13.2731   13.4535   13.6411   13.8359   14.0381   14.2477   14.4647   14.6891   14.9209   15.1601   15.4065   15.6601   15.9206   16.1880   16.4619   16.7421   17.0283   17.3202   17.6174   17.9196   18.2264   18.5372   18.8517   19.1694   19.4898   19.8123   20.1364   20.4616   20.7874
   10.8661   10.7498   10.6339   10.5186   10.4042   10.2912   10.1798   10.0703    9.9630    9.8581    9.7561    9.6570    9.5611    9.4686    9.3798    9.2948    9.2137    9.1368    9.0640    8.9956    8.9315    8.8718    8.8166    8.7659    8.7197    8.6780    8.6406    8.6077    8.5790    8.5546    8.5343    8.5181    8.5058    8.4973    8.4924    8.4912    8.4933    8.4987    8.5073    8.5188    8.5332    8.5503    8.5699    8.5920    8.6163    8.6428    8.6714    8.7018    8.7340    8.7679    8.8034    8.8404    8.8787    8.9184    8.9593    9.0015    9.0447    9.0890    9.1344    9.1808    9.2282    9.2766    9.3259    9.3763    9.4278    9.4803    9.5339    9.5887    9.6447    9.7021    9.7608    9.8211    9.8829    9.9465   10.0120   10.0795   10.1492   10.2212   10.2958   10.3731   10.4533   10.5367   10.6234   10.7138   10.8080   10.9062   11.0088   11.1161   11.2281   11.3453   11.4679   11.5962   11.7304   11.8707   12.0175   12.1709   12.3313   12.4987   12.6735   12.8558   13.0457   13.2435   13.4492   13.6629   13.8846   14.1146   14.3526   14.5987   14.8529   15.1150   15.3849   15.6624   15.9474   16.2395   16.5385   16.8441   17.1560   17.4736   17.7967   18.1247   18.4573   18.7938   19.1338   19.4767   19.8220   20.1691   20.5173   20.8661
   10.9449   10.8122   10.6798   10.5482   10.4176   10.2884   10.1610   10.0357    9.9127    9.7924    9.6751    9.5611    9.4505    9.3437    9.2408    9.1420    9.0475    8.9574    8.8719    8.7911    8.7150    8.6437    8.5773    8.5157    8.4590    8.4071    8.3600    8.3177    8.2800    8.2469    8.2183    8.1941    8.1742    8.1584    8.1465    8.1386    8.1343    8.1336    8.1362    8.1421    8.1511    8.1631    8.1778    8.1951    8.2149    8.2370    8.2614    8.2878    8.3161    8.3463    8.3782    8.4116    8.4466    8.4831    8.5208    8.5599    8.6002    8.6417    8.6842    8.7279    8.7727    8.8186    8.8656    8.9136    8.9628    9.0131    9.0647    9.1175    9.1716    9.2272    9.2843    9.3430    9.4035    9.4658    9.5302    9.5968    9.6658    9.7373    9.8115    9.8887    9.9691   10.0529   10.1403   10.2317   10.3272   10.4271   10.5317   10.6413   10.7562   10.8767   11.0030   11.1354   11.2742   11.4198   11.5723   11.7320   11.8992   12.0741   12.2569   12.4479   12.6472   12.8549   13.0712   13.2962   13.5300   13.7726   14.0240   14.2842   14.5531   14.8306   15.1165   15.4107   15.7129   16.0229   16.3404   16.6650   16.9964   17.3341   17.6776   18.0265   18.3804   18.7385   19.1004   19.4654   19.8330   20.2026   20.5734   20.9449
   11.0236   10.8748   10.7264   10.5788   10.4323   10.2873   10.1442   10.0033    9.8650    9.7296    9.5974    9.4686    9.3437    9.2227    9.1060    8.9937    8.8860    8.7831    8.6851    8.5922    8.5043    8.4216    8.3442    8.2719    8.2049    8.1431    8.0865    8.0350    7.9885    7.9469    7.9102    7.8782    7.8507    7.8277    7.8091    7.7945    7.7840    7.7772    7.7741    7.7745    7.7783    7.7851    7.7950    7.8077    7.8231    7.8409    7.8612    7.8836    7.9082    7.9347    7.9630    7.9931    8.0248    8.0581    8.0928    8.1289    8.1663    8.2049    8.2448    8.2859    8.3281    8.3715    8.4161    8.4619    8.5088    8.5570    8.6066    8.6574    8.7097    8.7636    8.8191    8.8763    8.9354    8.9966    9.0599    9.1256    9.1938    9.2648    9.3388    9.4159    9.4964    9.5806    9.6687    9.7610    9.8578    9.9594   10.0660   10.1780   10.2957   10.4193   10.5492   10.6857   10.8291   10.9797   11.1378   11.3037   11.4776   11.6598   11.8506   12.0500   12.2585   12.4760   12.7027   12.9389   13.1844   13.4394   13.7039   13.9778   14.2611   14.5536   14.8552   15.1658   15.4849   15.8125   16.1480   16.4912   16.8417   17.1990   17.5626   17.9320   18.3067   18.6859   19.0693   19.4560   19.8455   20.2370   20.6300   21.0236
   11.1024   10.9378   10.7737   10.6104   10.4483   10.2878   10.1293    9.9733    9.8199    9.6697    9.5229    9.3798    9.2408    9.1060    8.9757    8.8502    8.7297    8.6142    8.5040    8.3992    8.2998    8.2060    8.1177    8.0350    7.9580    7.8865    7.8205    7.7600    7.7048    7.6550    7.6103    7.5706    7.5359    7.5059    7.4805    7.4595    7.4428    7.4302    7.4215    7.4165    7.4151    7.4170    7.4222    7.4303    7.4414    7.4551    7.4713    7.4899    7.5107    7.5337    7.5586    7.5853    7.6139    7.6440    7.6757    7.7089    7.7435    7.7794    7.8166    7.8552    7.8949    7.9359    7.9782    8.0217    8.0665    8.1127    8.1602    8.2092    8.2597    8.3119    8.3658    8.4216    8.4794    8.5394    8.6017    8.6665    8.7341    8.8046    8.8782    8.9552    9.0359    9.1205    9.2093    9.3026    9.4007    9.5038    9.6124    9.7267    9.8471    9.9738   10.1073   10.2478   10.3957   10.5513   10.7148   10.8867   11.0672   11.2566   11.4550   11.6628   11.8802   12.1073   12.3442   12.5912   12.8482   13.1154   13.3926   13.6800   13.9774   14.2846   14.6016   14.9281   15.2638   15.6084   15.9617   16.3231   16.6923   17.0688   17.4520   17.8414   18.2364   18.6363   19.0406   19.4485   19.8594   20.2725   20.6871   21.1024
   11.1811   11.0012   10.8217   10.6430   10.4657   10.2901   10.1166    9.9457    9.7777    9.6130    9.4519    9.2948    9.1420    8.9937    8.8502    8.7118    8.5787    8.4509    8.3288    8.2124    8.1017    7.9970    7.8982    7.8053    7.7184    7.6375    7.5623    7.4930    7.4295    7.3715    7.3190    7.2719    7.2300    7.1932    7.1613    7.1340    7.1113    7.0930    7.0788    7.0686    7.0621    7.0592    7.0598    7.0635    7.0703    7.0799    7.0923    7.1071    7.1243    7.1438    7.1654    7.1889    7.2143    7.2414    7.2702    7.3005    7.3324    7.3657    7.4003    7.4364    7.4737    7.5124    7.5524    7.5937    7.6365    7.6806    7.7262    7.7734    7.8222    7.8727    7.9251    7.9795    8.0360    8.0949    8.1562    8.2202    8.2870    8.3570    8.4304    8.5074    8.5882    8.6732    8.7627    8.8569    8.9562    9.0610    9.1714    9.2880    9.4110    9.5408    9.6777    9.8222    9.9744   10.1349   10.3038   10.4816   10.6685   10.8648   11.0708   11.2867   11.5128   11.7492   11.9962   12.2537   12.5220   12.8010   13.0907   13.3912   13.7023   14.0240   14.3559   14.6980   15.0498   15.4112   15.7817   16.1609   16.5483   16.9435   17.3459   17.7548   18.1696   18.5898   19.0145   19.4432   19.8749   20.3090   20.7446   21.1811
   11.2598   11.0649   10.8704   10.6768   10.4846   10.2942   10.1061    9.9207    9.7384    9.5595    9.3845    9.2137    9.0475    8.8860    8.7297    8.5787    8.4332    8.2935    8.1597    8.0320    7.9104    7.7950    7.6859    7.5831    7.4866    7.3964    7.3124    7.2345    7.1627    7.0969    7.0368    6.9824    6.9336    6.8901    6.8518    6.8184    6.7899    6.7659    6.7464    6.7311    6.7197    6.7122    6.7082    6.7076    6.7103    6.7160    6.7245    6.7357    6.7494    6.7655    6.7838    6.8042    6.8265    6.8507    6.8767    6.9043    6.9334    6.9641    6.9963    7.0299    7.0650    7.1014    7.1392    7.1784    7.2191    7.2613    7.3050    7.3504    7.3975    7.4465    7.4974    7.5505    7.6057    7.6635    7.7238    7.7870    7.8533    7.9228    7.9959    8.0728    8.1538    8.2392    8.3293    8.4245    8.5250    8.6313    8.7436    8.8624    8.9880    9.1208    9.2611    9.4094    9.5659    9.7311    9.9052   10.0887   10.2819   10.4850   10.6984   10.9222   11.1568   11.4024   11.6590   11.9269   12.2061   12.4966   12.7986   13.1118   13.4364   13.7720   14.1185   14.4758   14.8434   15.2210   15.6083   16.0049   16.4101   16.8235   17.2445   17.6724   18.1067   18.5465   18.9912   19.4399   19.8920   20.3465   20.8028   21.2598
   11.3386   11.1290   10.9199   10.7117   10.5050   10.3003   10.0979    9.8984    9.7021    9.5095    9.3209    9.1368    8.9574    8.7831    8.6142    8.4509    8.2935    8.1421    7.9970    7.8583    7.7260    7.6002    7.4811    7.3687    7.2628    7.1636    7.0709    6.9847    6.9049    6.8313    6.7639    6.7025    6.6469    6.5969    6.5523    6.5130    6.4788    6.4494    6.4247    6.4044    6.3883    6.3762    6.3678    6.3631    6.3618    6.3636    6.3684    6.3761    6.3864    6.3992    6.4143    6.4316    6.4510    6.4724    6.4956    6.5205    6.5471    6.5753    6.6051    6.6363    6.6691    6.7033    6.7390    6.7762    6.8149    6.8552    6.8971    6.9408    6.9863    7.0337    7.0832    7.1350    7.1891    7.2457    7.3051    7.3676    7.4332    7.5023    7.5751    7.6520    7.7331    7.8189    7.9097    8.0058    8.1075    8.2153    8.3295    8.4504    8.5785    8.7142    8.8578    9.0098    9.1705    9.3403    9.5195    9.7086    9.9079   10.1176   10.3381   10.5697   10.8126   11.0670   11.3331   11.6110   11.9008   12.2026   12.5164   12.8421   13.1797   13.5290   13.8897   14.2617   14.6446   15.0381   15.4418   15.8552   16.2777   16.7089   17.1480   17.5944   18.0475   18.5065   18.9705   19.4389   19.9108   20.3852   20.8615   21.3386
   11.4173   11.1935   10.9701   10.7478   10.5271   10.3083   10.0920    9.8788    9.6689    9.4629    9.2611    9.0640    8.8719    8.6851    8.5040    8.3288    8.1597    7.9970    7.8408    7.6914    7.5487    7.4129    7.2840    7.1622    7.0472    6.9393    6.8382    6.7438    6.6562    6.5752    6.5006    6.4323    6.3701    6.3138    6.2632    6.2182    6.1784    6.1438    6.1140    6.0888    6.0681    6.0516    6.0390    6.0302    6.0250    6.0231    6.0244    6.0286    6.0356    6.0452    6.0572    6.0716    6.0882    6.1067    6.1273    6.1496    6.1737    6.1995    6.2269    6.2559    6.2865    6.3185    6.3522    6.3874    6.4242    6.4627    6.5029    6.5449    6.5888    6.6348    6.6829    6.7334    6.7863    6.8420    6.9005    6.9622    7.0272    7.0959    7.1685    7.2453    7.3266    7.4128    7.5042    7.6012    7.7041    7.8134    7.9293    8.0524    8.1830    8.3215    8.4683    8.6239    8.7886    8.9629    9.1471    9.3416    9.5468    9.7630    9.9905   10.2296   10.4805   10.7435   11.0188   11.3064   11.6066   11.9193   12.2446   12.5824   12.9327   13.2952   13.6697   14.0561   14.4539   14.8628   15.2823   15.7121   16.1514   16.5998   17.0565   17.5210   17.9923   18.4699   18.9528   19.4402   19.9313   20.4251   20.9207   21.4173
   11.4961   11.2584   11.0212   10.7852   10.5507   10.3183   10.0886    9.8619    9.6389    9.4198    9.2053    8.9956    8.7911    8.5922    8.3992    8.2124    8.0320    7.8583    7.6914    7.5315    7.3787    7.2331    7.0948    6.9638    6.8401    6.7236    6.6143    6.5121    6.4169    6.3287    6.2471    6.1721    6.1035    6.0411    5.9847    5.9340    5.8889    5.8492    5.8145    5.7846    5.7594    5.7386    5.7220    5.7093    5.7003    5.6948    5.6925    5.6934    5.6972    5.7038    5.7129    5.7244    5.7381    5.7541    5.7720    5.7919    5.8135    5.8370    5.8621    5.8889    5.9174    5.9474    5.9791    6.0124    6.0474    6.0841    6.1226    6.1630    6.2054    6.2500    6.2968    6.3460    6.3978    6.4525    6.5102    6.5711    6.6356    6.7039    6.7763    6.8531    6.9346    7.0212    7.1132    7.2111    7.3151    7.4258    7.5435    7.6686    7.8016    7.9428    8.0928    8.2519    8.4205    8.5992    8.7882    8.9880    9.1989    9.4214    9.6556    9.9020   10.1607   10.4321   10.7163   11.0134   11.3236   11.6470   11.9834   12.3329   12.6955   13.0708   13.4587   13.8590   14.2712   14.6951   15.1300   15.5756   16.0313   16.4964   16.9702   17.4521   17.9412   18.4368   18.9379   19.4438   19.9535   20.4661   20.9806   21.4961
   11.5748   11.3237   11.0731   10.8237   10.5759   10.3304   10.0875    9.8479    9.6121    9.3804    9.1534    8.9315    8.7150    8.5043    8.2998    8.1017    7.9104    7.7260    7.5487    7.3787    7.2161    7.0611    6.9136    6.7737    6.6414    6.5167    6.3995    6.2897    6.1872    6.0919    6.0036    5.9221    5.8473    5.7790    5.7169    5.6608    5.6105    5.5658    5.5264    5.4920    5.4625    5.4375    5.4169    5.4004    5.3878    5.3788    5.3732    5.3709    5.3716    5.3752    5.3814    5.3901    5.4012    5.4146    5.4300    5.4475    5.4668    5.4880    5.5110    5.5357    5.5621    5.5902    5.6199    5.6514    5.6846    5.7196    5.7565    5.7954    5.8363    5.8795    5.9250    5.9731    6.0239    6.0776    6.1345    6.1948    6.2587    6.3266    6.3988    6.4755    6.5572    6.6442    6.7369    6.8356    6.9408    7.0528    7.1722    7.2993    7.4346    7.5785    7.7315    7.8941    8.0665    8.2494    8.4431    8.6480    8.8645    9.0930    9.3338    9.5872    9.8535   10.1330   10.4258   10.7321   11.0521   11.3857   11.7329   12.0938   12.4682   12.8560   13.2569   13.6706   14.0969   14.5352   14.9851   15.4460   15.9175   16.3987   16.8891   17.3879   17.8942   18.4072   18.9261   19.4498   19.9776   20.5083   21.0411   21.5748
   11.6535   11.3894   11.1259   10.8635   10.6029   10.3445   10.0890    9.8368    9.5886    9.3447    9.1056    8.8718    8.6437    8.4216    8.2060    7.9970    7.7950    7.6002    7.4129    7.2331    7.0611    6.8968    6.7405    6.5920    6.4514    6.3187    6.1938    6.0767    5.9671    5.8650    5.7701    5.6824    5.6016    5.5276    5.4600    5.3987    5.3434    5.2939    5.2499    5.2111    5.1774    5.1485    5.1240    5.1038    5.0877    5.0753    5.0665    5.0611    5.0588    5.0595    5.0630    5.0691    5.0776    5.0885    5.1015    5.1166    5.1338    5.1528    5.1736    5.1963    5.2207    5.2469    5.2748    5.3045    5.3361    5.3695    5.4048    5.4422    5.4818    5.5236    5.5679    5.6149    5.6646    5.7175    5.7735    5.8332    5.8966    5.9642    6.0362    6.1129    6.1948    6.2822    6.3754    6.4750    6.5813    6.6947    6.8157    6.9448    7.0823    7.2288    7.3848    7.5506    7.7268    7.9137    8.1119    8.3218    8.5437    8.7780    9.0252    9.2854    9.5591    9.8464   10.1476   10.4627   10.7921   11.1356   11.4933   11.8652   12.2511   12.6509   13.0644   13.4911   13.9309   14.3832   14.8475   15.3233   15.8100   16.3069   16.8133   17.3284   17.8513   18.3812   18.9172   19.4582   20.0034   20.5517   21.1021   21.6535
   11.7323   11.4556   11.1795   10.9046   10.6314   10.3607   10.0929    9.8286    9.5684    9.3126    9.0619    8.8166    8.5773    8.3442    8.1177    7.8982    7.6859    7.4811    7.2840    7.0948    6.9136    6.7405    6.5755    6.4187    6.2702    6.1298    5.9975    5.8731    5.7567    5.6480    5.5469    5.4531    5.3666    5.2870    5.2141    5.1477    5.0876    5.0334    4.9850    4.9421    4.9043    4.8715    4.8433    4.8196    4.8001    4.7845    4.7726    4.7641    4.7590    4.7569    4.7577    4.7612    4.7673    4.7758    4.7865    4.7994    4.8144    4.8314    4.8502    4.8709    4.8935    4.9178    4.9440    4.9720    5.0019    5.0337    5.0676    5.1036    5.1418    5.1824    5.2255    5.2714    5.3202    5.3722    5.4275    5.4865    5.5495    5.6167    5.6885    5.7653    5.8474    5.9351    6.0290    6.1294    6.2367    6.3515    6.4741    6.6050    6.7447    6.8938    7.0525    7.2216    7.4013    7.5923    7.7948    8.0095    8.2366    8.4766    8.7299    8.9967    9.2775    9.5723    9.8816   10.2053   10.5438   10.8969   11.2647   11.6472   12.0442   12.4557   12.8812   13.3205   13.7733   14.2391   14.7174   15.2076   15.7090   16.2210   16.7429   17.2737   17.8127   18.3589   18.9113   19.4691   20.0311   20.5964   21.1638   21.7323
   11.8110   11.5221   11.2339   10.9469   10.6617   10.3790   10.0994    9.8233    9.5515    9.2843    9.0223    8.7659    8.5157    8.2719    8.0350    7.8053    7.5831    7.3687    7.1622    6.9638    6.7737    6.5920    6.4187    6.2540    6.0977    5.9498    5.8103    5.6791    5.5561    5.4410    5.3338    5.2342    5.1421    5.0571    4.9792    4.9079    4.8431    4.7845    4.7318    4.6848    4.6432    4.6066    4.5749    4.5478    4.5250    4.5063    4.4914    4.4801    4.4722    4.4675    4.4657    4.4668    4.4705    4.4766    4.4852    4.4960    4.5089    4.5238    4.5407    4.5596    4.5803    4.6029    4.6274    4.6538    4.6821    4.7124    4.7449    4.7795    4.8165    4.8559    4.8979    4.9428    4.9906    5.0418    5.0964    5.1549    5.2174    5.2843    5.3560    5.4327    5.5150    5.6032    5.6976    5.7988    5.9072    6.0232    6.1473    6.2801    6.4219    6.5734    6.7349    6.9071    7.0903    7.2850    7.4918    7.7111    7.9433    8.1888    8.4479    8.7212    9.0087    9.3109    9.6279    9.9600   10.3071   10.6695   11.0471   11.4398   11.8476   12.2702   12.7074   13.1589   13.6243   14.1031   14.5948   15.0988   15.6145   16.1410   16.6778   17.2238   17.7782   18.3401   18.9085   19.4824   20.0606   20.6422   21.2261   21.8110
   11.8898   11.5891   11.2891   10.9904   10.6936   10.3994   10.1083    9.8209    9.5379    9.2596    8.9868    8.7197    8.4590    8.2049    7.9580    7.7184    7.4866    7.2628    7.0472    6.8401    6.6414    6.4514    6.2702    6.0977    5.9339    5.7789    5.6325    5.4946    5.3652    5.2440    5.1310    5.0258    4.9283    4.8382    4.7553    4.6793    4.6100    4.5471    4.4904    4.4394    4.3940    4.3539    4.3188    4.2884    4.2625    4.2407    4.2230    4.2089    4.1984    4.1911    4.1869    4.1856    4.1870    4.1910    4.1974    4.2062    4.2171    4.2301    4.2452    4.2622    4.2812    4.3022    4.3250    4.3499    4.3767    4.4056    4.4367    4.4701    4.5058    4.5441    4.5850    4.6289    4.6759    4.7263    4.7803    4.8382    4.9003    4.9669    5.0385    5.1153    5.1977    5.2862    5.3813    5.4832    5.5926    5.7099    5.8355    5.9700    6.1140    6.2678    6.4320    6.6071    6.7936    6.9921    7.2030    7.4267    7.6637    7.9145    8.1794    8.4587    8.7529    9.0621    9.3866    9.7266   10.0822   10.4535   10.8405   11.2431   11.6612   12.0946   12.5430   13.0062   13.4837   13.9750   14.4797   14.9970   15.5263   16.0669   16.6180   17.1787   17.7480   18.3250   18.9087   19.4981   20.0920   20.6893   21.2890   21.8898
   11.9685   11.6565   11.3452   11.0353   10.7273   10.4219   10.1197    9.8214    9.5276    9.2387    8.9553    8.6780    8.4071    8.1431    7.8865    7.6375    7.3964    7.1636    6.9393    6.7236    6.5167    6.3187    6.1298    5.9498    5.7789    5.6169    5.4639    5.3196    5.1841    5.0570    4.9383    4.8277    4.7250    4.6300    4.5423    4.4619    4.3883    4.3212    4.2605    4.2058    4.1568    4.1133    4.0749    4.0414    4.0124    3.9878    3.9673    3.9506    3.9375    3.9278    3.9212    3.9177    3.9169    3.9188    3.9232    3.9300    3.9390    3.9502    3.9635    3.9789    3.9962    4.0156    4.0369    4.0603    4.0857    4.1133    4.1430    4.1751    4.2097    4.2469    4.2869    4.3298    4.3760    4.4257    4.4790    4.5364    4.5981    4.6645    4.7359    4.8127    4.8954    4.9843    5.0799    5.1826    5.2930    5.4115    5.5386    5.6748    5.8207    5.9768    6.1435    6.3215    6.5113    6.7133    6.9281    7.1561    7.3978    7.6537    7.9241    8.2093    8.5098    8.8258    9.1576    9.5052    9.8690   10.2488   10.6448   11.0569   11.4849   11.9287   12.3880   12.8624   13.3515   13.8549   14.3720   14.9022   15.4447   15.9987   16.5636   17.1383   17.7220   18.3135   18.9120   19.5162   20.1252   20.7376   21.3525   21.9685
   12.0472   11.7244   11.4022   11.0813   10.7625   10.4464   10.1336    9.8248    9.5205    9.2214    8.9279    8.6406    8.3600    8.0865    7.8205    7.5623    7.3124    7.0709    6.8382    6.6143    6.3995    6.1938    5.9975    5.8103    5.6325    5.4639    5.3044    5.1540    5.0126    4.8798    4.7557    4.6399    4.5322    4.4324    4.3403    4.2555    4.1777    4.1067    4.0422    3.9839    3.9315    3.8847    3.8431    3.8066    3.7748    3.7474    3.7242    3.7050    3.6895    3.6774    3.6686    3.6629    3.6601    3.6600    3.6624    3.6673    3.6746    3.6840    3.6956    3.7093    3.7251    3.7430    3.7628    3.7848    3.8089    3.8352    3.8637    3.8947    3.9281    3.9643    4.0033    4.0454    4.0908    4.1397    4.1925    4.2494    4.3108    4.3769    4.4482    4.5251    4.6080    4.6972    4.7934    4.8969    5.0082    5.1278    5.2563    5.3942    5.5420    5.7003    5.8695    6.0503    6.2432    6.4487    6.6672    6.8994    7.1456    7.4063    7.6820    7.9729    8.2795    8.6020    8.9407    9.2957    9.6673   10.0554   10.4600   10.8812   11.3188   11.7725   12.2422   12.7274   13.2277   13.7427   14.2718   14.8142   15.3693   15.9364   16.5145   17.1027   17.7001   18.3056   18.9182   19.5368   20.1602   20.7872   21.4166   22.0472
   12.1260   11.7926   11.4599   11.1286   10.7994   10.4730   10.1499    9.8310    9.5167    9.2077    8.9045    8.6077    8.3177    8.0350    7.7600    7.4930    7.2345    6.9847    6.7438    6.5121    6.2897    6.0767    5.8731    5.6791    5.4946    5.3196    5.1540    4.9977    4.8506    4.7124    4.5831    4.4623    4.3498    4.2455    4.1490    4.0600    3.9783    3.9035    3.8354    3.7736    3.7179    3.6679    3.6233    3.5839    3.5493    3.5193    3.4936    3.4720    3.4542    3.4399    3.4289    3.4212    3.4164    3.4143    3.4149    3.4181    3.4236    3.4314    3.4414    3.4535    3.4678    3.4842    3.5027    3.5233    3.5461    3.5712    3.5986    3.6284    3.6608    3.6960    3.7341    3.7754    3.8201    3.8684    3.9206    3.9770    4.0381    4.1040    4.1752    4.2522    4.3352    4.4249    4.5216    4.6258    4.7380    4.8588    4.9887    5.1282    5.2778    5.4382    5.6098    5.7933    5.9891    6.1979    6.4201    6.6562    6.9068    7.1722    7.4529    7.7493    8.0617    8.3905    8.7358    9.0980    9.4770    9.8730   10.2860   10.7159   11.1626   11.6259   12.1056   12.6011   13.1122   13.6383   14.1788   14.7331   15.3003   15.8798   16.4706   17.0718   17.6823   18.3013   18.9275   19.5597   20.1969   20.8379   21.4813   22.1260
   12.2047   11.8612   11.5185   11.1771   10.8379   10.5015   10.1687    9.8400    9.5161    9.1976    8.8850    8.5790    8.2800    7.9885    7.7048    7.4295    7.1627    6.9049    6.6562    6.4169    6.1872    5.9671    5.7567    5.5561    5.3652    5.1841    5.0126    4.8506    4.6980    4.5546    4.4202    4.2947    4.1777    4.0689    3.9682    3.8753    3.7897    3.7113    3.6397    3.5746    3.5158    3.4627    3.4153    3.3731    3.3359    3.3034    3.2753    3.2514    3.2313    3.2149    3.2020    3.1922    3.1855    3.1817    3.1805    3.1819    3.1858    3.1920    3.2005    3.2112    3.2241    3.2391    3.2563    3.2756    3.2972    3.3211    3.3474    3.3762    3.4076    3.4419    3.4792    3.5197    3.5636    3.6113    3.6630    3.7191    3.7798    3.8455    3.9167    3.9937    4.0770    4.1670    4.2642    4.3691    4.4823    4.6042    4.7354    4.8764    5.0278    5.1902    5.3642    5.5502    5.7489    5.9608    6.1865    6.4265    6.6812    6.9511    7.2367    7.5383    7.8564    8.1911    8.5429    8.9118    9.2980    9.7015   10.1225   10.5608   11.0163   11.4888   11.9780   12.4835   13.0049   13.5416   14.0931   14.6586   15.2375   15.8289   16.4318   17.0454   17.6687   18.3004   18.9396   19.5850   20.2355   20.8898   21.5466   22.2047
   12.2835   11.9303   11.5778   11.2268   10.8780   10.5321   10.1898    9.8517    9.5186    9.1910    8.8694    8.5546    8.2469    7.9469    7.6550    7.3715    7.0969    6.8313    6.5752    6.3287    6.0919    5.8650    5.6480    5.4410    5.2440    5.0570    4.8798    4.7124    4.5546    4.4062    4.2671    4.1369    4.0155    3.9026    3.7979    3.7011    3.6119    3.5300    3.4551    3.3869    3.3250    3.2691    3.2189    3.1741    3.1344    3.0995    3.0691    3.0429    3.0208    3.0023    2.9874    2.9758    2.9673    2.9617    2.9589    2.9587    2.9611    2.9658    2.9728    2.9821    2.9937    3.0074    3.0233    3.0415    3.0619    3.0847    3.1099    3.1378    3.1683    3.2017    3.2382    3.2779    3.3213    3.3684    3.4196    3.4753    3.5357    3.6013    3.6724    3.7495    3.8330    3.9233    4.0211    4.1267    4.2407    4.3637    4.4961    4.6386    4.7918    4.9561    5.1323    5.3208    5.5223    5.7373    5.9663    6.2099    6.4686    6.7428    7.0331    7.3397    7.6632    8.0037    8.3615    8.7369    9.1300    9.5408    9.9695   10.4158   10.8797   11.3609   11.8593   12.3743   12.9055   13.4524   14.0144   14.5908   15.1808   15.7835   16.3981   17.0236   17.6589   18.3030   18.9546   19.6126   20.2758   20.9428   21.6125   22.2835
   12.3622   11.9997   11.6379   11.2777   10.9197   10.5646   10.2132    9.8662    9.5241    9.1878    8.8576    8.5343    8.2183    7.9102    7.6103    7.3190    7.0368    6.7639    6.5006    6.2471    6.0036    5.7701    5.5469    5.3338    5.1310    4.9383    4.7557    4.5831    4.4202    4.2671    4.1233    3.9888    3.8632    3.7463    3.6377    3.5373    3.4446    3.3594    3.2813    3.2101    3.1453    3.0866    3.0338    2.9865    2.9444    2.9072    2.8746    2.8464    2.8222    2.8019    2.7851    2.7717    2.7615    2.7543    2.7499    2.7482    2.7491    2.7524    2.7580    2.7660    2.7763    2.7888    2.8035    2.8205    2.8399    2.8617    2.8859    2.9128    2.9425    2.9751    3.0108    3.0499    3.0926    3.1392    3.1900    3.2453    3.3054    3.3709    3.4420    3.5191    3.6029    3.6936    3.7918    3.8981    4.0130    4.1370    4.2707    4.4146    4.5694    4.7356    4.9139    5.1048    5.3089    5.5268    5.7591    6.0062    6.2687    6.5471    6.8418    7.1533    7.4818    7.8278    8.1916    8.5732    8.9728    9.3906    9.8266   10.2806   10.7525   11.2421   11.7492   12.2733   12.8139   13.3706   13.9427   14.5294   15.1300   15.7436   16.3694   17.0062   17.6531   18.3089   18.9724   19.6424   20.3177   20.9970   21.6789   22.3622
   12.4409   12.0695   11.6988   11.3297   10.9628   10.5990   10.2389    9.8832    9.5327    9.1879    8.8495    8.5181    8.1941    7.8782    7.5706    7.2719    6.9824    6.7025    6.4323    6.1721    5.9221    5.6824    5.4531    5.2342    5.0258    4.8277    4.6399    4.4623    4.2947    4.1369    3.9888    3.8500    3.7204    3.5997    3.4875    3.3836    3.2876    3.1992    3.1181    3.0439    2.9764    2.9151    2.8598    2.8101    2.7658    2.7264    2.6917    2.6615    2.6354    2.6132    2.5947    2.5797    2.5678    2.5591    2.5532    2.5500    2.5495    2.5514    2.5558    2.5625    2.5716    2.5829    2.5966    2.6125    2.6309    2.6517    2.6750    2.7010    2.7299    2.7617    2.7967    2.8352    2.8773    2.9234    2.9738    3.0288    3.0887    3.1540    3.2251    3.3024    3.3863    3.4774    3.5762    3.6831    3.7988    3.9238    4.0586    4.2040    4.3604    4.5284    4.7087    4.9019    5.1086    5.3293    5.5646    5.8150    6.0812    6.3636    6.6626    6.9786    7.3121    7.6634    8.0327    8.4203    8.8262    9.2507    9.6936   10.1549   10.6345   11.1322   11.6476   12.1804   12.7300   13.2960   13.8777   14.4743   15.0850   15.7091   16.3455   16.9932   17.6511   18.3181   18.9929   19.6745   20.3614   21.0523   21.7459   22.4409
   12.5197   12.1397   11.7604   11.3828   11.0074   10.6352   10.2667    9.9028    9.5441    9.1913    8.8450    8.5058    8.1742    7.8507    7.5359    7.2300    6.9336    6.6469    6.3701    6.1035    5.8473    5.6016    5.3666    5.1421    4.9283    4.7250    4.5322    4.3498    4.1777    4.0155    3.8632    3.7204    3.5870    3.4626    3.3469    3.2396    3.1405    3.0491    2.9651    2.8882    2.8180    2.7543    2.6966    2.6446    2.5981    2.5566    2.5200    2.4879    2.4600    2.4361    2.4159    2.3992    2.3859    2.3756    2.3683    2.3638    2.3619    2.3626    2.3658    2.3714    2.3793    2.3895    2.4021    2.4171    2.4345    2.4544    2.4768    2.5020    2.5301    2.5612    2.5956    2.6335    2.6751    2.7207    2.7707    2.8254    2.8852    2.9504    3.0214    3.0988    3.1830    3.2744    3.3737    3.4813    3.5977    3.7237    3.8597    4.0064    4.1643    4.3341    4.5163    4.7117    4.9208    5.1442    5.3824    5.6361    5.9058    6.1919    6.4950    6.8155    7.1537    7.5100    7.8847    8.2779    8.6899    9.1206    9.5702   10.0386   10.5255   11.0309   11.5543   12.0953   12.6536   13.2284   13.8192   14.4253   15.0457   15.6797   16.3263   16.9843   17.6527   18.3304   19.0162   19.7086   20.4066   21.1086   21.8135   22.5197
   12.5984   12.2102   11.8228   11.4369   11.0535   10.6731   10.2967    9.9249    9.5584    9.1978    8.8439    8.4973    8.1584    7.8277    7.5059    7.1932    6.8901    6.5969    6.3138    6.0411    5.7790    5.5276    5.2870    5.0571    4.8382    4.6300    4.4324    4.2455    4.0689    3.9026    3.7463    3.5997    3.4626    3.3347    3.2157    3.1052    3.0030    2.9088    2.8220    2.7425    2.6699    2.6037    2.5438    2.4896    2.4410    2.3976    2.3591    2.3252    2.2956    2.2701    2.2483    2.2301    2.2153    2.2037    2.1950    2.1892    2.1861    2.1856    2.1877    2.1921    2.1990    2.2082    2.2198    2.2338    2.2503    2.2693    2.2910    2.3154    2.3428    2.3732    2.4070    2.4443    2.4855    2.5307    2.5804    2.6348    2.6943    2.7594    2.8305    2.9080    2.9924    3.0842    3.1840    3.2922    3.4094    3.5363    3.6734    3.8214    3.9808    4.1522    4.3364    4.5339    4.7453    4.9712    5.2123    5.4691    5.7421    6.0319    6.3388    6.6635    7.0062    7.3673    7.7471    8.1458    8.5635    9.0003    9.4563    9.9313   10.4252   10.9379   11.4689   12.0178   12.5843   13.1676   13.7672   14.3822   15.0119   15.6554   16.3116   16.9795   17.6580   18.3459   19.0419   19.7449   20.4534   21.1660   21.8815   22.5984
   12.6772   12.2811   11.8858   11.4921   11.1009   10.7128   10.3287    9.9493    9.5753    9.2074    8.8463    8.4924    8.1465    7.8091    7.4805    7.1613    6.8518    6.5523    6.2632    5.9847    5.7169    5.4600    5.2141    4.9792    4.7553    4.5423    4.3403    4.1490    3.9682    3.7979    3.6377    3.4875    3.3469    3.2157    3.0935    2.9800    2.8749    2.7779    2.6886    2.6066    2.5315    2.4631    2.4010    2.3449    2.2943    2.2490    2.2088    2.1731    2.1419    2.1148    2.0916    2.0720    2.0558    2.0428    2.0329    2.0259    2.0217    2.0200    2.0210    2.0244    2.0302    2.0385    2.0492    2.0623    2.0780    2.0962    2.1171    2.1408    2.1675    2.1974    2.2306    2.2674    2.3081    2.3529    2.4023    2.4564    2.5159    2.5809    2.6520    2.7296    2.8143    2.9064    3.0066    3.1155    3.2335    3.3613    3.4994    3.6486    3.8094    3.9825    4.1684    4.3679    4.5816    4.8100    5.0537    5.3135    5.5897    5.8829    6.1936    6.5223    6.8693    7.2350    7.6197    8.0235    8.4467    8.8893    9.3513    9.8327   10.3334   10.8529   11.3912   11.9477   12.5220   13.1134   13.7213   14.3449   14.9834   15.6359   16.3013   16.9786   17.6667   18.3643   19.0702   19.7831   20.5017   21.2244   21.9501   22.6772
   12.7559   12.3523   11.9495   11.5483   11.1496   10.7542   10.3627    9.9761    9.5949    9.2200    8.8518    8.4912    8.1386    7.7945    7.4595    7.1340    6.8184    6.5130    6.2182    5.9340    5.6608    5.3987    5.1477    4.9079    4.6793    4.4619    4.2555    4.0600    3.8753    3.7011    3.5373    3.3836    3.2396    3.1052    2.9800    2.8637    2.7558    2.6562    2.5644    2.4800    2.4027    2.3322    2.2680    2.2099    2.1575    2.1105    2.0685    2.0313    1.9985    1.9699    1.9453    1.9244    1.9069    1.8927    1.8816    1.8734    1.8681    1.8654    1.8653    1.8678    1.8727    1.8801    1.8899    1.9022    1.9171    1.9345    1.9547    1.9778    2.0038    2.0331    2.0658    2.1022    2.1424    2.1869    2.2360    2.2900    2.3492    2.4142    2.4854    2.5631    2.6480    2.7405    2.8412    2.9506    3.0694    3.1980    3.3372    3.4876    3.6498    3.8244    4.0120    4.2135    4.4292    4.6600    4.9064    5.1689    5.4482    5.7447    6.0590    6.3915    6.7426    7.1127    7.5020    7.9108    8.3392    8.7873    9.2551    9.7426   10.2496   10.7758   11.3210   11.8847   12.4663   13.0655   13.6813   14.3131   14.9600   15.6211   16.2953   16.9816   17.6788   18.3856   19.1009   19.8233   20.5514   21.2838   22.0191   22.7559
   12.8346   12.4238   12.0138   11.6055   11.1997   10.7971   10.3987   10.0051    9.6170    9.2353    8.8605    8.4933    8.1343    7.7840    7.4428    7.1113    6.7899    6.4788    6.1784    5.8889    5.6105    5.3434    5.0876    4.8431    4.6100    4.3883    4.1777    3.9783    3.7897    3.6119    3.4446    3.2876    3.1405    3.0030    2.8749    2.7558    2.6454    2.5433    2.4491    2.3624    2.2830    2.2105    2.1444    2.0844    2.0303    1.9816    1.9380    1.8992    1.8650    1.8351    1.8091    1.7869    1.7682    1.7529    1.7406    1.7314    1.7250    1.7213    1.7203    1.7218    1.7259    1.7324    1.7414    1.7530    1.7671    1.7839    1.8034    1.8259    1.8513    1.8801    1.9123    1.9482    1.9881    2.0323    2.0811    2.1349    2.1941    2.2590    2.3302    2.4081    2.4932    2.5861    2.6872    2.7972    2.9167    3.0462    3.1864    3.3379    3.5014    3.6775    3.8668    4.0701    4.2879    4.5209    4.7697    5.0350    5.3171    5.6168    5.9345    6.2707    6.6257    6.9999    7.3937    7.8072    8.2405    8.6939    9.1673    9.6605   10.1736   10.7061   11.2579   11.8284   12.4172   13.0236   13.6470   14.2866   14.9415   15.6107   16.2933   16.9881   17.6940   18.4097   19.1339   19.8653   20.6025   21.3441   22.0887   22.8346
   12.9134   12.4957   12.0788   11.6636   11.2509   10.8416   10.4364   10.0362    9.6416    9.2534    8.8722    8.4987    8.1336    7.7772    7.4302    7.0930    6.7659    6.4494    6.1438    5.8492    5.5658    5.2939    5.0334    4.7845    4.5471    4.3212    4.1067    3.9035    3.7113    3.5300    3.3594    3.1992    3.0491    2.9088    2.7779    2.6562    2.5433    2.4388    2.3423    2.2535    2.1721    2.0976    2.0297    1.9680    1.9122    1.8619    1.8168    1.7766    1.7410    1.7098    1.6826    1.6591    1.6393    1.6229    1.6096    1.5994    1.5920    1.5874    1.5855    1.5861    1.5894    1.5951    1.6034    1.6142    1.6276    1.6438    1.6627    1.6846    1.7095    1.7378    1.7696    1.8051    1.8447    1.8886    1.9371    1.9908    2.0498    2.1148    2.1861    2.2641    2.3495    2.4427    2.5443    2.6548    2.7750    2.9053    3.0464    3.1991    3.3638    3.5413    3.7322    3.9373    4.1570    4.3922    4.6434    4.9112    5.1962    5.4989    5.8198    6.1595    6.5182    6.8964    7.2944    7.7124    8.1505    8.6088    9.0875    9.5862   10.1051   10.6436   11.2017   11.7787   12.3742   12.9876   13.6182   14.2652   14.9277   15.6047   16.2953   16.9982   17.7124   18.4364   19.1692   19.9092   20.6550   21.4053   22.1586   22.9134
   12.9921   12.5678   12.1443   11.7225   11.3033   10.8875   10.4759   10.0693    9.6684    9.2740    8.8867    8.5073    8.1362    7.7741    7.4215    7.0788    6.7464    6.4247    6.1140    5.8145    5.5264    5.2499    4.9850    4.7318    4.4904    4.2605    4.0422    3.8354    3.6397    3.4551    3.2813    3.1181    2.9651    2.8220    2.6886    2.5644    2.4491    2.3423    2.2437    2.1529    2.0696    1.9932    1.9236    1.8602    1.8028    1.7510    1.7045    1.6630    1.6261    1.5936    1.5652    1.5407    1.5198    1.5023    1.4881    1.4769    1.4686    1.4631    1.4604    1.4603    1.4627    1.4677    1.4753    1.4855    1.4983    1.5138    1.5322    1.5535    1.5780    1.6058    1.6372    1.6723    1.7116    1.7552    1.8036    1.8571    1.9161    1.9810    2.0524    2.1306    2.2162    2.3098    2.4118    2.5229    2.6437    2.7749    2.9169    3.0706    3.2365    3.4154    3.6079    3.8146    4.0362    4.2735    4.5269    4.7972    5.0848    5.3904    5.7145    6.0574    6.4197    6.8017    7.2037    7.6260    8.0686    8.5317    9.0153    9.5194   10.0437   10.5880   11.1520   11.7352   12.3372   12.9572   13.5947   14.2487   14.9184   15.6029   16.3010   17.0116   17.7336   18.4657   19.2065   19.9547   20.7088   21.4674   22.2290   22.9921
   13.0709   12.6402   12.2104   11.7823   11.3569   10.9348   10.5171   10.1044    9.6975    9.2971    8.9040    8.5188    8.1421    7.7745    7.4165    7.0686    6.7311    6.4044    6.0888    5.7846    5.4920    5.2111    4.9421    4.6848    4.4394    4.2058    3.9839    3.7736    3.5746    3.3869    3.2101    3.0439    2.8882    2.7425    2.6066    2.4800    2.3624    2.2535    2.1529    2.0602    1.9750    1.8969    1.8256    1.7607    1.7018    1.6486    1.6008    1.5580    1.5199    1.4862    1.4567    1.4311    1.4092    1.3908    1.3756    1.3635    1.3544    1.3481    1.3446    1.3437    1.3454    1.3498    1.3567    1.3662    1.3785    1.3935    1.4113    1.4322    1.4562    1.4836    1.5146    1.5494    1.5884    1.6318    1.6800    1.7334    1.7924    1.8573    1.9287    2.0071    2.0930    2.1869    2.2894    2.4010    2.5225    2.6544    2.7973    2.9520    3.1191    3.2993    3.4932    3.7016    3.9250    4.1642    4.4198    4.6924    4.9826    5.2910    5.6180    5.9641    6.3298    6.7154    7.1213    7.5476    7.9945    8.4622    8.9505    9.4596    9.9891   10.5389   11.1086   11.6977   12.3058   12.9321   13.5761   14.2368   14.9134   15.6049   16.3103   17.0283   17.7577   18.4974   19.2459   20.0018   20.7638   21.5303   22.2998   23.0709
   13.1496   12.7129   12.2770   11.8429   11.4115   10.9835   10.5598   10.1413    9.7286    9.3226    8.9239    8.5332    8.1511    7.7783    7.4151    7.0621    6.7197    6.3883    6.0681    5.7594    5.4625    5.1774    4.9043    4.6432    4.3940    4.1568    3.9315    3.7179    3.5158    3.3250    3.1453    2.9764    2.8180    2.6699    2.5315    2.4027    2.2830    2.1721    2.0696    1.9750    1.8881    1.8083    1.7355    1.6691    1.6088    1.5542    1.5051    1.4611    1.4219    1.3871    1.3566    1.3300    1.3071    1.2878    1.2717    1.2588    1.2489    1.2419    1.2376    1.2361    1.2371    1.2408    1.2472    1.2561    1.2678    1.2823    1.2996    1.3201    1.3437    1.3707    1.4014    1.4359    1.4746    1.5179    1.5659    1.6192    1.6781    1.7431    1.8146    1.8932    1.9793    2.0735    2.1765    2.2886    2.4107    2.5434    2.6872    2.8429    3.0111    3.1925    3.3879    3.5978    3.8230    4.0640    4.3217    4.5965    4.8892    5.2001    5.5299    5.8791    6.2480    6.6371    7.0466    7.4768    7.9278    8.3998    8.8927    9.4065    9.9411   10.4960   11.0711   11.6659   12.2797   12.9121   13.5623   14.2294   14.9125   15.6107   16.3229   17.0479   17.7845   18.5314   19.2872   20.0505   20.8199   21.5939   22.3710   23.1496
   13.2283   12.7858   12.3442   11.9043   11.4671   11.0334   10.6041   10.1799    9.7617    9.3503    8.9462    8.5503    8.1631    7.7851    7.4170    7.0592    6.7122    6.3762    6.0516    5.7386    5.4375    5.1485    4.8715    4.6066    4.3539    4.1133    3.8847    3.6679    3.4627    3.2691    3.0866    2.9151    2.7543    2.6037    2.4631    2.3322    2.2105    2.0976    1.9932    1.8969    1.8083    1.7271    1.6527    1.5849    1.5233    1.4675    1.4172    1.3720    1.3317    1.2959    1.2644    1.2369    1.2131    1.1929    1.1761    1.1624    1.1518    1.1440    1.1391    1.1369    1.1373    1.1404    1.1462    1.1546    1.1658    1.1798    1.1967    1.2168    1.2400    1.2667    1.2970    1.3313    1.3698    1.4129    1.4608    1.5140    1.5729    1.6380    1.7096    1.7883    1.8747    1.9693    2.0726    2.1853    2.3080    2.4414    2.5860    2.7427    2.9120    3.0946    3.2913    3.5027    3.7295    3.9724    4.2320    4.5090    4.8040    5.1174    5.4500    5.8020    6.1740    6.5664    6.9794    7.4133    7.8682    8.3443    8.8416    9.3599    9.8992   10.4591   11.0393   11.6394   12.2588   12.8969   13.5530   14.2261   14.9155   15.6201   16.3388   17.0704   17.8138   18.5675   19.3303   20.1007   20.8772   21.6583   22.4425   23.2283
   13.3071   12.8590   12.4118   11.9664   11.5236   11.0845   10.6498   10.2202    9.7968    9.3801    8.9709    8.5699    8.1778    7.7950    7.4222    7.0598    6.7082    6.3678    6.0390    5.7220    5.4169    5.1240    4.8433    4.5749    4.3188    4.0749    3.8431    3.6233    3.4153    3.2189    3.0338    2.8598    2.6966    2.5438    2.4010    2.2680    2.1444    2.0297    1.9236    1.8256    1.7355    1.6527    1.5769    1.5078    1.4449    1.3880    1.3365    1.2903    1.2489    1.2122    1.1797    1.1514    1.1268    1.1058    1.0882    1.0738    1.0624    1.0540    1.0485    1.0457    1.0456    1.0481    1.0534    1.0613    1.0720    1.0856    1.1021    1.1218    1.1447    1.1710    1.2011    1.2352    1.2735    1.3164    1.3642    1.4174    1.4763    1.5414    1.6131    1.6921    1.7787    1.8736    1.9773    2.0906    2.2139    2.3479    2.4934    2.6509    2.8213    3.0051    3.2031    3.4159    3.6443    3.8889    4.1504    4.4295    4.7266    5.0425    5.3776    5.7324    6.1074    6.5029    6.9192    7.3566    7.8153    8.2953    8.7967    9.3193    9.8631   10.4277   11.0128   11.6180   12.2427   12.8863   13.5479   14.2269   14.9222   15.6329   16.3578   17.0957   17.8455   18.6058   19.3751   20.1522   20.9354   21.7234   22.5144   23.3071
   13.3858   12.9324   12.4798   12.0291   11.5811   11.1367   10.6968   10.2621    9.8336    9.4119    8.9978    8.5920    8.1951    7.8077    7.4303    7.0635    6.7076    6.3631    6.0302    5.7093    5.4004    5.1038    4.8196    4.5478    4.2884    4.0414    3.8066    3.5839    3.3731    3.1741    2.9865    2.8101    2.6446    2.4896    2.3449    2.2099    2.0844    1.9680    1.8602    1.7607    1.6691    1.5849    1.5078    1.4374    1.3734    1.3153    1.2627    1.2155    1.1732    1.1355    1.1022    1.0730    1.0477    1.0259    1.0076    0.9925    0.9806    0.9715    0.9654    0.9620    0.9614    0.9635    0.9682    0.9757    0.9860    0.9992    1.0154    1.0347    1.0572    1.0833    1.1132    1.1470    1.1852    1.2279    1.2757    1.3288    1.3877    1.4529    1.5248    1.6039    1.6908    1.7860    1.8902    2.0039    2.1278    2.2625    2.4088    2.5672    2.7385    2.9235    3.1227    3.3369    3.5668    3.8131    4.0765    4.3575    4.6567    4.9749    5.3124    5.6699    6.0476    6.4461    6.8656    7.3064    7.7686    8.2524    8.7577    9.2845    9.8325   10.4017   10.9915   11.6015   12.2312   12.8799   13.5469   14.2314   14.9323   15.6488   16.3796   17.1236   17.8795   18.6460   19.4216   20.2051   20.9947   21.7891   22.5867   23.3858
   13.4646   13.0060   12.5483   12.0925   11.6394   11.1900   10.7451   10.3055    9.8721    9.4456    9.0268    8.6163    8.2149    7.8231    7.4414    7.0703    6.7103    6.3618    6.0250    5.7003    5.3878    5.0877    4.8001    4.5250    4.2625    4.0124    3.7748    3.5493    3.3359    3.1344    2.9444    2.7658    2.5981    2.4410    2.2943    2.1575    2.0303    1.9122    1.8028    1.7018    1.6088    1.5233    1.4449    1.3734    1.3082    1.2490    1.1955    1.1473    1.1041    1.0656    1.0315    1.0015    0.9754    0.9529    0.9340    0.9183    0.9057    0.8961    0.8894    0.8855    0.8844    0.8860    0.8904    0.8974    0.9074    0.9202    0.9360    0.9550    0.9773    1.0031    1.0328    1.0664    1.1044    1.1471    1.1948    1.2479    1.3068    1.3721    1.4441    1.5234    1.6105    1.7061    1.8107    1.9249    2.0494    2.1847    2.3318    2.4911    2.6634    2.8494    3.0498    3.2653    3.4967    3.7446    4.0096    4.2925    4.5938    4.9142    5.2541    5.6140    5.9945    6.3958    6.8183    7.2623    7.7279    8.2153    8.7243    9.2550    9.8072   10.3806   10.9748   11.5895   12.2240   12.8776   13.5497   14.2394   14.9458   15.6677   16.4041   17.1539   17.9156   18.6880   19.4697   20.2592   21.0549   21.8555   22.6592   23.4646
   13.5433   13.0798   12.6172   12.1565   11.6986   11.2443   10.7946   10.3503    9.9122    9.4811    9.0577    8.6428    8.2370    7.8409    7.4551    7.0799    6.7160    6.3636    6.0231    5.6948    5.3788    5.0753    4.7845    4.5063    4.2407    3.9878    3.7474    3.5193    3.3034    3.0995    2.9072    2.7264    2.5566    2.3976    2.2490    2.1105    1.9816    1.8619    1.7510    1.6486    1.5542    1.4675    1.3880    1.3153    1.2490    1.1888    1.1343    1.0853    1.0412    1.0019    0.9670    0.9363    0.9095    0.8864    0.8668    0.8506    0.8374    0.8273    0.8201    0.8158    0.8142    0.8154    0.8193    0.8260    0.8356    0.8481    0.8636    0.8823    0.9043    0.9300    0.9594    0.9929    1.0308    1.0734    1.1210    1.1741    1.2331    1.2984    1.3706    1.4501    1.5375    1.6334    1.7384    1.8531    1.9781    2.1141    2.2619    2.4220    2.5952    2.7823    2.9839    3.2007    3.4335    3.6829    3.9496    4.2343    4.5375    4.8599    5.2021    5.5645    5.9475    6.3515    6.7770    7.2240    7.6929    8.1836    8.6962    9.2307    9.7867   10.3642   10.9627   11.5818   12.2208   12.8792   13.5561   14.2508   14.9623   15.6895   16.4313   17.1864   17.9537   18.7318   19.5192   20.3144   21.1160   21.9224   22.7321   23.5433
   13.6220   13.1538   12.6865   12.2211   11.7585   11.2996   10.8452   10.3964    9.9538    9.5183    9.0906    8.6714    8.2614    7.8612    7.4713    7.0923    6.7245    6.3684    6.0244    5.6925    5.3732    5.0665    4.7726    4.4914    4.2230    3.9673    3.7242    3.4936    3.2753    3.0691    2.8746    2.6917    2.5200    2.3591    2.2088    2.0685    1.9380    1.8168    1.7045    1.6008    1.5051    1.4172    1.3365    1.2627    1.1955    1.1343    1.0790    1.0290    0.9842    0.9441    0.9085    0.8771    0.8497    0.8260    0.8059    0.7890    0.7754    0.7648    0.7571    0.7523    0.7504    0.7511    0.7547    0.7611    0.7703    0.7825    0.7977    0.8162    0.8380    0.8635    0.8927    0.9261    0.9639    1.0064    1.0540    1.1071    1.1661    1.2316    1.3039    1.3836    1.4713    1.5675    1.6729    1.7880    1.9136    2.0503    2.1987    2.3597    2.5338    2.7219    2.9245    3.1426    3.3767    3.6276    3.8959    4.1823    4.4874    4.8118    5.1561    5.5208    5.9063    6.3129    6.7411    7.1911    7.6630    8.1570    8.6731    9.2111    9.7709   10.3523   10.9548   11.5781   12.2215   12.8843   13.5659   14.2654   14.9817   15.7139   16.4608   17.2212   17.9938   18.7772   19.5700   20.3708   21.1780   21.9900   22.8052   23.6220
   13.7008   13.2280   12.7562   12.2862   11.8191   11.3557   10.8969   10.4437    9.9968    9.5570    9.1251    8.7018    8.2878    7.8836    7.4899    7.1071    6.7357    6.3761    6.0286    5.6934    5.3709    5.0611    4.7641    4.4801    4.2089    3.9506    3.7050    3.4720    3.2514    3.0429    2.8464    2.6615    2.4879    2.3252    2.1731    2.0313    1.8992    1.7766    1.6630    1.5580    1.4611    1.3720    1.2903    1.2155    1.1473    1.0853    1.0290    0.9783    0.9327    0.8919    0.8557    0.8236    0.7956    0.7714    0.7507    0.7333    0.7192    0.7081    0.7001    0.6949    0.6925    0.6929    0.6961    0.7022    0.7111    0.7230    0.7380    0.7563    0.7779    0.8032    0.8323    0.8655    0.9032    0.9457    0.9933    1.0464    1.1055    1.1711    1.2435    1.3235    1.4114    1.5080    1.6138    1.7294    1.8555    1.9927    2.1419    2.3036    2.4786    2.6676    2.8714    3.0906    3.3260    3.5783    3.8481    4.1362    4.4431    4.7695    5.1158    5.4827    5.8705    6.2797    6.7105    7.1633    7.6382    8.1353    8.6546    9.1960    9.7594   10.3445   10.9509   11.5782   12.2257   12.8929   13.5789   14.2829   15.0039   15.7408   16.4926   17.2579   18.0356   18.8241   19.6222   20.4282   21.2406   22.0580   22.8786   23.7008
   13.7795   13.3023   12.8261   12.3518   11.8804   11.4127   10.9496   10.4922   10.0411    9.5972    9.1613    8.7340    8.3161    7.9082    7.5107    7.1243    6.7494    6.3864    6.0356    5.6972    5.3716    5.0588    4.7590    4.4722    4.1984    3.9375    3.6895    3.4542    3.2313    3.0208    2.8222    2.6354    2.4600    2.2956    2.1419    1.9985    1.8650    1.7410    1.6261    1.5199    1.4219    1.3317    1.2489    1.1732    1.1041    1.0412    0.9842    0.9327    0.8864    0.8449    0.8080    0.7754    0.7469    0.7221    0.7009    0.6831    0.6685    0.6570    0.6485    0.6430    0.6402    0.6403    0.6432    0.6490    0.6577    0.6693    0.6841    0.7021    0.7236    0.7487    0.7777    0.8109    0.8485    0.8909    0.9385    0.9917    1.0509    1.1165    1.1892    1.2693    1.3576    1.4545    1.5606    1.6767    1.8033    1.9412    2.0910    2.2535    2.4293    2.6193    2.8241    3.0444    3.2811    3.5347    3.8060    4.0957    4.4043    4.7325    5.0808    5.4498    5.8399    6.2515    6.6848    7.1403    7.6180    8.1181    8.6405    9.1852    9.7520   10.3406   10.9507   11.5818   12.2333   12.9046   13.5948   14.3031   15.0286   15.7701   16.5265   17.2966   18.0791   18.8725   19.6755   20.4866   21.3041   22.1265   22.9522   23.7795
   13.8583   13.3769   12.8964   12.4179   11.9423   11.4704   11.0033   10.5418   10.0867    9.6388    9.1990    8.7679    8.3463    7.9347    7.5337    7.1438    6.7655    6.3992    6.0452    5.7038    5.3752    5.0595    4.7569    4.4675    4.1911    3.9278    3.6774    3.4399    3.2149    3.0023    2.8019    2.6132    2.4361    2.2701    2.1148    1.9699    1.8351    1.7098    1.5936    1.4862    1.3871    1.2959    1.2122    1.1355    1.0656    1.0019    0.9441    0.8919    0.8449    0.8029    0.7654    0.7322    0.7031    0.6778    0.6562    0.6379    0.6229    0.6111    0.6022    0.5963    0.5932    0.5930    0.5957    0.6012    0.6096    0.6210    0.6356    0.6535    0.6748    0.6998    0.7287    0.7617    0.7993    0.8417    0.8893    0.9425    1.0018    1.0676    1.1404    1.2208    1.3093    1.4065    1.5131    1.6296    1.7567    1.8952    2.0456    2.2088    2.3855    2.5764    2.7822    3.0036    3.2415    3.4964    3.7691    4.0603    4.3706    4.7006    5.0508    5.4218    5.8141    6.2279    6.6637    7.1217    7.6021    8.1051    8.6305    9.1783    9.7483   10.3404   10.9540   11.5888   12.2441   12.9193   13.6135   14.3260   15.0557   15.8016   16.5624   17.3371   18.1241   18.9223   19.7300   20.5458   21.3682   22.1955   23.0260   23.8583
   13.9370   13.4515   12.9670   12.4844   12.0048   11.5289   11.0578   10.5924   10.1334    9.6817    9.2382    8.8034    8.3782    7.9630    7.5586    7.1654    6.7838    6.4143    6.0572    5.7129    5.3814    5.0630    4.7577    4.4657    4.1869    3.9212    3.6686    3.4289    3.2020    2.9874    2.7851    2.5947    2.4159    2.2483    2.0916    1.9453    1.8091    1.6826    1.5652    1.4567    1.3566    1.2644    1.1797    1.1022    1.0315    0.9670    0.9085    0.8557    0.8080    0.7654    0.7273    0.6936    0.6640    0.6383    0.6162    0.5976    0.5822    0.5700    0.5608    0.5545    0.5512    0.5507    0.5531    0.5584    0.5666    0.5778    0.5922    0.6099    0.6311    0.6560    0.6848    0.7178    0.7553    0.7977    0.8454    0.8986    0.9580    1.0240    1.0970    1.1776    1.2663    1.3639    1.4708    1.5877    1.7153    1.8544    2.0055    2.1694    2.3469    2.5386    2.7454    2.9679    3.2069    3.4631    3.7372    4.0299    4.3417    4.6734    5.0255    5.3984    5.7927    6.2088    6.6469    7.1074    7.5904    8.0960    8.6243    9.1751    9.7483   10.3436   10.9606   11.5989   12.2578   12.9367   13.6348   14.3513   15.0851   15.8351   16.6002   17.3792   18.1707   18.9733   19.7856   20.6060   21.4329   22.2648   23.1001   23.9370
   14.0157   13.5263   13.0379   12.5514   12.0678   11.5881   11.1132   10.6439   10.1812    9.7259    9.2787    8.8404    8.4116    7.9931    7.5853    7.1889    6.8042    6.4316    6.0716    5.7244    5.3901    5.0691    4.7612    4.4668    4.1856    3.9177    3.6629    3.4212    3.1922    2.9758    2.7717    2.5797    2.3992    2.2301    2.0720    1.9244    1.7869    1.6591    1.5407    1.4311    1.3300    1.2369    1.1514    1.0730    1.0015    0.9363    0.8771    0.8236    0.7754    0.7322    0.6936    0.6595    0.6294    0.6032    0.5807    0.5617    0.5460    0.5334    0.5239    0.5174    0.5138    0.5131    0.5152    0.5203    0.5283    0.5393    0.5536    0.5712    0.5922    0.6170    0.6457    0.6787    0.7162    0.7586    0.8063    0.8597    0.9191    0.9852    1.0584    1.1392    1.2283    1.3261    1.4334    1.5508    1.6789    1.8185    1.9702    2.1349    2.3131    2.5057    2.7134    2.9369    3.1771    3.4345    3.7099    4.0040    4.3173    4.6507    5.0045    5.3793    5.7756    6.1938    6.6341    7.0970    7.5825    8.0907    8.6217    9.1754    9.7516   10.3500   10.9703   11.6119   12.2743   12.9568   13.6586   14.3789   15.1165   15.8706   16.6398   17.4229   18.2186   19.0255   19.8421   20.6669   21.4983   22.3346   23.1744   24.0157
   14.0945   13.6012   13.1090   12.6187   12.1314   11.6479   11.1693   10.6964   10.2301    9.7712    9.3205    8.8787    8.4466    8.0248    7.6139    7.2143    6.8265    6.4510    6.0882    5.7381    5.4012    5.0776    4.7673    4.4705    4.1870    3.9169    3.6601    3.4164    3.1855    2.9673    2.7615    2.5678    2.3859    2.2153    2.0558    1.9069    1.7682    1.6393    1.5198    1.4092    1.3071    1.2131    1.1268    1.0477    0.9754    0.9095    0.8497    0.7956    0.7469    0.7031    0.6640    0.6294    0.5989    0.5724    0.5495    0.5301    0.5140    0.5012    0.4914    0.4846    0.4807    0.4798    0.4817    0.4866    0.4944    0.5053    0.5194    0.5369    0.5579    0.5826    0.6112    0.6442    0.6817    0.7241    0.7719    0.8253    0.8849    0.9511    1.0245    1.1055    1.1949    1.2930    1.4007    1.5185    1.6471    1.7872    1.9396    2.1049    2.2839    2.4773    2.6859    2.9104    3.1516    3.4102    3.6869    3.9823    4.2972    4.6321    4.9876    5.3642    5.7624    6.1826    6.6251    7.0903    7.5781    8.0889    8.6225    9.1790    9.7580   10.3594   10.9828   11.6277   12.2934   12.9794   13.6847   14.4086   15.1500   15.9078   16.6810   17.4681   18.2678   19.0788   19.8996   20.7286   21.5642   22.4048   23.2488   24.0945
   14.1732   13.6763   13.1804   12.6864   12.1954   11.7084   11.2262   10.7497   10.2799    9.8176    9.3635    8.9184    8.4831    8.0581    7.6440    7.2414    6.8507    6.4724    6.1067    5.7541    5.4146    5.0885    4.7758    4.4766    4.1910    3.9188    3.6600    3.4143    3.1817    2.9617    2.7543    2.5591    2.3756    2.2037    2.0428    1.8927    1.7529    1.6229    1.5023    1.3908    1.2878    1.1929    1.1058    1.0259    0.9529    0.8864    0.8260    0.7714    0.7221    0.6778    0.6383    0.6032    0.5724    0.5454    0.5222    0.5025    0.4861    0.4730    0.4629    0.4559    0.4518    0.4506    0.4524    0.4571    0.4648    0.4755    0.4895    0.5069    0.5278    0.5524    0.5810    0.6140    0.6515    0.6939    0.7417    0.7953    0.8550    0.9214    0.9949    1.0762    1.1658    1.2643    1.3723    1.4906    1.6196    1.7603    1.9132    2.0792    2.2589    2.4532    2.6626    2.8881    3.1304    3.3901    3.6680    3.9648    4.2810    4.6175    4.9746    5.3529    5.7530    6.1751    6.6197    7.0870    7.5772    8.0904    8.6265    9.1856    9.7674   10.3717   10.9981   11.6460   12.3149   13.0042   13.7130   14.4403   15.1853   15.9468   16.7237   17.5146   18.3182   19.1332   19.9579   20.7909   21.6306   22.4753   23.3234   24.1732
   14.2520   13.7515   13.2520   12.7545   12.2600   11.7694   11.2837   10.8038   10.3306    9.8650    9.4076    8.9593    8.5208    8.0928    7.6757    7.2702    6.8767    6.4956    6.1273    5.7720    5.4300    5.1015    4.7865    4.4852    4.1974    3.9232    3.6624    3.4149    3.1805    2.9589    2.7499    2.5532    2.3683    2.1950    2.0329    1.8816    1.7406    1.6096    1.4881    1.3756    1.2717    1.1761    1.0882    1.0076    0.9340    0.8668    0.8059    0.7507    0.7009    0.6562    0.6162    0.5807    0.5495    0.5222    0.4986    0.4786    0.4620    0.4486    0.4383    0.4310    0.4267    0.4254    0.4270    0.4315    0.4390    0.4497    0.4636    0.4809    0.5017    0.5263    0.5549    0.5878    0.6253    0.6679    0.7157    0.7693    0.8292    0.8957    0.9695    1.0510    1.1409    1.2397    1.3481    1.4667    1.5963    1.7374    1.8910    2.0576    2.2380    2.4330    2.6434    2.8698    3.1130    3.3739    3.6529    3.9510    4.2686    4.6065    4.9652    5.3452    5.7471    6.1711    6.6177    7.0871    7.5794    8.0949    8.6335    9.1952    9.7796   10.3867   11.0159   11.6668   12.3388   13.0312   13.7433   14.4740   15.2224   15.9874   16.7679   17.5625   18.3698   19.1885   20.0171   20.8540   21.6976   22.5462   23.3982   24.2520
   14.3307   13.8268   13.3238   12.8229   12.3249   11.8310   11.3419   10.8587   10.3823    9.9134    9.4528    9.0015    8.5599    8.1289    7.7089    7.3005    6.9043    6.5205    6.1496    5.7919    5.4475    5.1166    4.7994    4.4960    4.2062    3.9300    3.6673    3.4181    3.1819    2.9587    2.7482    2.5500    2.3638    2.1892    2.0259    1.8734    1.7314    1.5994    1.4769    1.3635    1.2588    1.1624    1.0738    0.9925    0.9183    0.8506    0.7890    0.7333    0.6831    0.6379    0.5976    0.5617    0.5301    0.5025    0.4786    0.4583    0.4414    0.4278    0.4173    0.4098    0.4053    0.4038    0.4052    0.4096    0.4171    0.4276    0.4414    0.4586    0.4794    0.5040    0.5326    0.5655    0.6031    0.6456    0.6936    0.7473    0.8073    0.8740    0.9480    1.0297    1.1199    1.2190    1.3277    1.4468    1.5768    1.7185    1.8726    2.0398    2.2209    2.4167    2.6279    2.8552    3.0994    3.3613    3.6415    3.9408    4.2598    4.5991    4.9593    5.3409    5.7444    6.1703    6.6188    7.0902    7.5847    8.1024    8.6434    9.2074    9.7944   10.4041   11.0361   11.6899   12.3648   13.0603   13.7755   14.5094   15.2612   16.0296   16.8135   17.6116   18.4225   19.2448   20.0771   20.9176   21.7650   22.6174   23.4732   24.3307
   14.4094   13.9021   13.3958   12.8916   12.3903   11.8931   11.4008   10.9144   10.4347    9.9627    9.4991    9.0447    8.6002    8.1663    7.7435    7.3324    6.9334    6.5471    6.1737    5.8135    5.4668    5.1338    4.8144    4.5089    4.2171    3.9390    3.6746    3.4236    3.1858    2.9611    2.7491    2.5495    2.3619    2.1861    2.0217    1.8681    1.7250    1.5920    1.4686    1.3544    1.2489    1.1518    1.0624    0.9806    0.9057    0.8374    0.7754    0.7192    0.6685    0.6229    0.5822    0.5460    0.5140    0.4861    0.4620    0.4414    0.4243    0.4104    0.3997    0.3921    0.3874    0.3858    0.3870    0.3913    0.3987    0.4091    0.4229    0.4400    0.4607    0.4853    0.5139    0.5468    0.5844    0.6271    0.6751    0.7289    0.7891    0.8559    0.9301    1.0121    1.1025    1.2020    1.3111    1.4305    1.5610    1.7032    1.8578    2.0257    2.2075    2.4040    2.6159    2.8441    3.0893    3.3522    3.6336    3.9340    4.2543    4.5950    4.9566    5.3398    5.7450    6.1726    6.6229    7.0963    7.5928    8.1127    8.6559    9.2223    9.8118   10.4240   11.0586   11.7152   12.3930   13.0914   13.8095   14.5466   15.3015   16.0731   16.8603   17.6618   18.4762   19.3020   20.1378   20.9819   21.8328   22.6888   23.5483   24.4094
   14.4882   13.9776   13.4681   12.9606   12.4561   11.9557   11.4602   10.9707   10.4880   10.0129    9.5463    9.0890    8.6417    8.2049    7.7794    7.3657    6.9641    6.5753    6.1995    5.8370    5.4880    5.1528    4.8314    4.5238    4.2301    3.9502    3.6840    3.4314    3.1920    2.9658    2.7524    2.5514    2.3626    2.1856    2.0200    1.8654    1.7213    1.5874    1.4631    1.3481    1.2419    1.1440    1.0540    0.9715    0.8961    0.8273    0.7648    0.7081    0.6570    0.6111    0.5700    0.5334    0.5012    0.4730    0.4486    0.4278    0.4104    0.3964    0.3855    0.3777    0.3729    0.3711    0.3722    0.3764    0.3837    0.3940    0.4077    0.4248    0.4455    0.4701    0.4987    0.5316    0.5693    0.6120    0.6601    0.7141    0.7744    0.8414    0.9158    0.9980    1.0887    1.1885    1.2979    1.4178    1.5487    1.6914    1.8466    2.0150    2.1975    2.3947    2.6074    2.8365    3.0826    3.3465    3.6289    3.9305    4.2520    4.5940    4.9571    5.3418    5.7485    6.1778    6.6299    7.1052    7.6037    8.1256    8.6710    9.2397    9.8315   10.4462   11.0834   11.7425   12.4230   13.1243   13.8453   14.5854   15.3433   16.1181   16.9085   17.7132   18.5309   19.3600   20.1992   21.0467   21.9011   22.7606   23.6235   24.4882
   14.5669   14.0532   13.5405   13.0299   12.5223   12.0188   11.5203   11.0277   10.5420   10.0640    9.5945    9.1344    8.6842    8.2448    7.8166    7.4003    6.9963    6.6051    6.2269    5.8621    5.5110    5.1736    4.8502    4.5407    4.2452    3.9635    3.6956    3.4414    3.2005    2.9728    2.7580    2.5558    2.3658    2.1877    2.0210    1.8653    1.7203    1.5855    1.4604    1.3446    1.2376    1.1391    1.0485    0.9654    0.8894    0.8201    0.7571    0.7001    0.6485    0.6022    0.5608    0.5239    0.4914    0.4629    0.4383    0.4173    0.3997    0.3855    0.3744    0.3665    0.3615    0.3596    0.3607    0.3648    0.3719    0.3823    0.3959    0.4130    0.4336    0.4582    0.4868    0.5198    0.5576    0.6003    0.6486    0.7027    0.7631    0.8303    0.9049    0.9874    1.0783    1.1784    1.2882    1.4084    1.5398    1.6829    1.8387    2.0077    2.1908    2.3887    2.6022    2.8321    3.0791    3.3440    3.6274    3.9302    4.2529    4.5961    4.9606    5.3467    5.7550    6.1859    6.6397    7.1167    7.6172    8.1411    8.6886    9.2594    9.8535   10.4706   11.1102   11.7719   12.4550   13.1590   13.8828   14.6257   15.3866   16.1644   16.9578   17.7656   18.5865   19.4189   20.2613   21.1121   21.9698   22.8326   23.6989   24.5669
   14.6457   14.1289   13.6132   13.0995   12.5889   12.0824   11.5809   11.0854   10.5968   10.1159    9.6437    9.1808    8.7279    8.2859    7.8552    7.4364    7.0299    6.6363    6.2559    5.8889    5.5357    5.1963    4.8709    4.5596    4.2622    3.9789    3.7093    3.4535    3.2112    2.9821    2.7660    2.5625    2.3714    2.1921    2.0244    1.8678    1.7218    1.5861    1.4603    1.3437    1.2361    1.1369    1.0457    0.9620    0.8855    0.8158    0.7523    0.6949    0.6430    0.5963    0.5545    0.5174    0.4846    0.4559    0.4310    0.4098    0.3921    0.3777    0.3665    0.3584    0.3533    0.3513    0.3523    0.3563    0.3634    0.3737    0.3873    0.4043    0.4250    0.4496    0.4782    0.5113    0.5491    0.5919    0.6403    0.6945    0.7551    0.8225    0.8973    0.9800    1.0712    1.1716    1.2818    1.4024    1.5342    1.6778    1.8340    2.0036    2.1874    2.3860    2.6002    2.8309    3.0788    3.3446    3.6290    3.9329    4.2567    4.6012    4.9669    5.3544    5.7642    6.1967    6.6522    7.1310    7.6332    8.1591    8.7085    9.2815    9.8778   10.4971   11.1391   11.8032   12.4889   13.1954   13.9219   14.6676   15.4313   16.2119   17.0083   17.8191   18.6430   19.4785   20.3240   21.1780   22.0389   22.9049   23.7744   24.6457
   14.7244   14.2047   13.6860   13.1694   12.6558   12.1464   11.6420   11.1437   10.6523   10.1687    9.6937    9.2282    8.7727    8.3281    7.8949    7.4737    7.0650    6.6691    6.2865    5.9174    5.5621    5.2207    4.8935    4.5803    4.2812    3.9962    3.7251    3.4678    3.2241    2.9937    2.7763    2.5716    2.3793    2.1990    2.0302    1.8727    1.7259    1.5894    1.4627    1.3454    1.2371    1.1373    1.0456    0.9614    0.8844    0.8142    0.7504    0.6925    0.6402    0.5932    0.5512    0.5138    0.4807    0.4518    0.4267    0.4053    0.3874    0.3729    0.3615    0.3533    0.3482    0.3460    0.3469    0.3509    0.3580    0.3682    0.3818    0.3988    0.4195    0.4441    0.4728    0.5059    0.5438    0.5868    0.6352    0.6896    0.7503    0.8179    0.8929    0.9759    1.0674    1.1681    1.2786    1.3996    1.5317    1.6758    1.8326    2.0028    2.1871    2.3864    2.6013    2.8328    3.0815    3.3482    3.6336    3.9385    4.2634    4.6091    4.9761    5.3650    5.7762    6.2102    6.6673    7.1477    7.6517    8.1794    8.7308    9.3058    9.9042   10.5257   11.1699   11.8364   12.5245   13.2335   13.9626   14.7109   15.4773   16.2607   17.0599   17.8736   18.7004   19.5389   20.3874   21.2445   22.1084   22.9775   23.8501   24.7244
   14.8031   14.2806   13.7590   13.2395   12.7232   12.2109   11.7038   11.2027   10.7086   10.2223    9.7447    9.2766    8.8186    8.3715    7.9359    7.5124    7.1014    6.7033    6.3185    5.9474    5.5902    5.2469    4.9178    4.6029    4.3022    4.0156    3.7430    3.4842    3.2391    3.0074    2.7888    2.5829    2.3895    2.2082    2.0385    1.8801    1.7324    1.5951    1.4677    1.3498    1.2408    1.1404    1.0481    0.9635    0.8860    0.8154    0.7511    0.6929    0.6403    0.5930    0.5507    0.5131    0.4798    0.4506    0.4254    0.4038    0.3858    0.3711    0.3596    0.3513    0.3460    0.3438    0.3447    0.3486    0.3556    0.3659    0.3794    0.3965    0.4172    0.4418    0.4705    0.5037    0.5417    0.5847    0.6333    0.6878    0.7487    0.8165    0.8917    0.9749    1.0667    1.1677    1.2785    1.3999    1.5325    1.6770    1.8343    2.0050    2.1899    2.3898    2.6055    2.8377    3.0873    3.3548    3.6412    3.9471    4.2731    4.6199    4.9882    5.3783    5.7909    6.2263    6.6849    7.1670    7.6727    8.2022    8.7554    9.3323    9.9327   10.5563   11.2027   11.8715   12.5619   13.2733   14.0049   14.7557   15.5247   16.3108   17.1127   17.9291   18.7588   19.6000   20.4514   21.3114   22.1783   23.0503   23.9259   24.8031
   14.8819   14.3565   13.8322   13.3100   12.7909   12.2759   11.7661   11.2623   10.7656   10.2767    9.7966    9.3259    8.8656    8.4161    7.9782    7.5524    7.1392    6.7390    6.3522    5.9791    5.6199    5.2748    4.9440    4.6274    4.3250    4.0369    3.7628    3.5027    3.2563    3.0233    2.8035    2.5966    2.4021    2.2198    2.0492    1.8899    1.7414    1.6034    1.4753    1.3567    1.2472    1.1462    1.0534    0.9682    0.8904    0.8193    0.7547    0.6961    0.6432    0.5957    0.5531    0.5152    0.4817    0.4524    0.4270    0.4052    0.3870    0.3722    0.3607    0.3523    0.3469    0.3447    0.3455    0.3494    0.3564    0.3666    0.3801    0.3972    0.4180    0.4426    0.4714    0.5047    0.5427    0.5859    0.6346    0.6892    0.7503    0.8183    0.8937    0.9772    1.0692    1.1705    1.2817    1.4034    1.5364    1.6814    1.8391    2.0104    2.1959    2.3964    2.6127    2.8457    3.0960    3.3644    3.6517    3.9585    4.2856    4.6335    5.0029    5.3944    5.8083    6.2451    6.7052    7.1888    7.6961    8.2273    8.7823    9.3611    9.9634   10.5890   11.2375   11.9084   12.6011   13.3148   14.0487   14.8019   15.5734   16.3620   17.1665   17.9856   18.8179   19.6619   20.5161   21.3788   22.2485   23.1234   24.0018   24.8819
   14.9606   14.4326   13.9056   13.3807   12.8589   12.3414   11.8289   11.3226   10.8233   10.3319    9.8494    9.3763    8.9136    8.4619    8.0217    7.5937    7.1784    6.7762    6.3874    6.0124    5.6514    5.3045    4.9720    4.6538    4.3499    4.0603    3.7848    3.5233    3.2756    3.0415    2.8205    2.6125    2.4171    2.2338    2.0623    1.9022    1.7530    1.6142    1.4855    1.3662    1.2561    1.1546    1.0613    0.9757    0.8974    0.8260    0.7611    0.7022    0.6490    0.6012    0.5584    0.5203    0.4866    0.4571    0.4315    0.4096    0.3913    0.3764    0.3648    0.3563    0.3509    0.3486    0.3494    0.3532    0.3602    0.3704    0.3840    0.4011    0.4219    0.4466    0.4754    0.5088    0.5469    0.5902    0.6390    0.6938    0.7551    0.8232    0.8989    0.9826    1.0749    1.1765    1.2880    1.4101    1.5435    1.6889    1.8471    2.0189    2.2049    2.4060    2.6231    2.8567    3.1078    3.3770    3.6652    3.9730    4.3010    4.6500    5.0205    5.4132    5.8283    6.2665    6.7280    7.2131    7.7220    8.2548    8.8115    9.3920    9.9962   10.6237   11.2742   11.9472   12.6420   13.3579   14.0941   14.8496   15.6235   16.4145   17.2215   18.0431   18.8780   19.7246   20.5814   21.4468   22.3191   23.1967   24.0778   24.9606
   15.0394   14.5087   13.9792   13.4517   12.9274   12.4073   11.8923   11.3835   10.8818   10.3881    9.9031    9.4278    8.9628    8.5088    8.0665    7.6365    7.2191    6.8149    6.4242    6.0474    5.6846    5.3361    5.0019    4.6821    4.3767    4.0857    3.8089    3.5461    3.2972    3.0619    2.8399    2.6309    2.4345    2.2503    2.0780    1.9171    1.7671    1.6276    1.4983    1.3785    1.2678    1.1658    1.0720    0.9860    0.9074    0.8356    0.7703    0.7111    0.6577    0.6096    0.5666    0.5283    0.4944    0.4648    0.4390    0.4171    0.3987    0.3837    0.3719    0.3634    0.3580    0.3556    0.3564    0.3602    0.3672    0.3774    0.3910    0.4081    0.4290    0.4537    0.4827    0.5161    0.5544    0.5978    0.6467    0.7017    0.7631    0.8315    0.9073    0.9913    1.0838    1.1857    1.2975    1.4200    1.5538    1.6996    1.8583    2.0305    2.2171    2.4189    2.6365    2.8708    3.1226    3.3927    3.6817    3.9903    4.3194    4.6694    5.0410    5.4347    5.8511    6.2906    6.7534    7.2399    7.7503    8.2846    8.8430    9.4252   10.0312   10.6606   11.3130   11.9879   12.6847   13.4027   14.1410   14.8988   15.6749   16.4683   17.2776   18.1017   18.9390   19.7880   20.6473   21.5153   22.3901   23.2703   24.1539   25.0394
   15.1181   14.5850   14.0529   13.5230   12.9963   12.4737   11.9564   11.4452   10.9411   10.4451    9.9578    9.4803    9.0131    8.5570    8.1127    7.6806    7.2613    6.8552    6.4627    6.0841    5.7196    5.3695    5.0337    4.7124    4.4056    4.1133    3.8352    3.5712    3.3211    3.0847    2.8617    2.6517    2.4544    2.2693    2.0962    1.9345    1.7839    1.6438    1.5138    1.3935    1.2823    1.1798    1.0856    0.9992    0.9202    0.8481    0.7825    0.7230    0.6693    0.6210    0.5778    0.5393    0.5053    0.4755    0.4497    0.4276    0.4091    0.3940    0.3823    0.3737    0.3682    0.3659    0.3666    0.3704    0.3774    0.3877    0.4013    0.4185    0.4394    0.4642    0.4932    0.5268    0.5651    0.6086    0.6577    0.7128    0.7744    0.8430    0.9191    1.0033    1.0961    1.1983    1.3104    1.4332    1.5674    1.7136    1.8727    2.0455    2.2326    2.4349    2.6532    2.8881    3.1407    3.4114    3.7012    4.0108    4.3407    4.6917    5.0643    5.4592    5.8767    6.3174    6.7815    7.2694    7.7812    8.3170    8.8769    9.4608   10.0684   10.6995   11.3537   12.0305   12.7293   13.4492   14.1896   14.9495   15.7278   16.5233   17.3349   18.1612   19.0008   19.8522   20.7139   21.5843   22.4616   23.3441   24.2302   25.1181
   15.1969   14.6614   14.1269   13.5947   13.0656   12.5407   12.0210   11.5076   11.0012   10.5030   10.0136    9.5339    9.0647    8.6066    8.1602    7.7262    7.3050    6.8971    6.5029    6.1226    5.7565    5.4048    5.0676    4.7449    4.4367    4.1430    3.8637    3.5986    3.3474    3.1099    2.8859    2.6750    2.4768    2.2910    2.1171    1.9547    1.8034    1.6627    1.5322    1.4113    1.2996    1.1967    1.1021    1.0154    0.9360    0.8636    0.7977    0.7380    0.6841    0.6356    0.5922    0.5536    0.5194    0.4895    0.4636    0.4414    0.4229    0.4077    0.3959    0.3873    0.3818    0.3794    0.3801    0.3840    0.3910    0.4013    0.4150    0.4322    0.4532    0.4781    0.5072    0.5408    0.5793    0.6230    0.6722    0.7275    0.7892    0.8580    0.9343    1.0187    1.1118    1.2143    1.3267    1.4499    1.5844    1.7311    1.8906    2.0638    2.2514    2.4543    2.6731    2.9087    3.1619    3.4334    3.7240    4.0344    4.3652    4.7171    5.0907    5.4866    5.9053    6.3471    6.8124    7.3016    7.8147    8.3519    8.9133    9.4987   10.1079   10.7407   11.3966   12.0751   12.7757   13.4976   14.2399   15.0017   15.7820   16.5797   17.3934   18.2218   19.0636   19.9173   20.7812   21.6538   22.5334   23.4183   24.3067   25.1969
   15.2756   14.7378   14.2012   13.6666   13.1353   12.6082   12.0863   11.5707   11.0622   10.5619   10.0704    9.5887    9.1175    8.6574    8.2092    7.7734    7.3504    6.9408    6.5449    6.1630    5.7954    5.4422    5.1036    4.7795    4.4701    4.1751    3.8947    3.6284    3.3762    3.1378    2.9128    2.7010    2.5020    2.3154    2.1408    1.9778    1.8259    1.6846    1.5535    1.4322    1.3201    1.2168    1.1218    1.0347    0.9550    0.8823    0.8162    0.7563    0.7021    0.6535    0.6099    0.5712    0.5369    0.5069    0.4809    0.4586    0.4400    0.4248    0.4130    0.4043    0.3988    0.3965    0.3972    0.4011    0.4081    0.4185    0.4322    0.4495    0.4705    0.4955    0.5248    0.5585    0.5971    0.6409    0.6903    0.7457    0.8077    0.8766    0.9532    1.0378    1.1312    1.2339    1.3466    1.4701    1.6050    1.7521    1.9120    2.0857    2.2738    2.4772    2.6966    2.9328    3.1866    3.4588    3.7501    4.0612    4.3929    4.7457    5.1202    5.5171    5.9368    6.3797    6.8462    7.3366    7.8510    8.3895    8.9523    9.5391   10.1498   10.7841   11.4417   12.1219   12.8242   13.5478   14.2919   15.0556   15.8378   16.6374   17.4531   18.2836   19.1274   19.9832   20.8492   21.7239   22.6056   23.4927   24.3832   25.2756
   15.3543   14.8144   14.2756   13.7389   13.2055   12.6763   12.1523   11.6346   11.1241   10.6218   10.1284    9.6447    9.1716    8.7097    8.2597    7.8222    7.3975    6.9863    6.5888    6.2054    5.8363    5.4818    5.1418    4.8165    4.5058    4.2097    3.9281    3.6608    3.4076    3.1683    2.9425    2.7299    2.5301    2.3428    2.1675    2.0038    1.8513    1.7095    1.5780    1.4562    1.3437    1.2400    1.1447    1.0572    0.9773    0.9043    0.8380    0.7779    0.7236    0.6748    0.6311    0.5922    0.5579    0.5278    0.5017    0.4794    0.4607    0.4455    0.4336    0.4250    0.4195    0.4172    0.4180    0.4219    0.4290    0.4394    0.4532    0.4705    0.4917    0.5168    0.5461    0.5799    0.6187    0.6626    0.7121    0.7678    0.8299    0.8991    0.9758    1.0607    1.1543    1.2573    1.3703    1.4941    1.6294    1.7768    1.9372    2.1113    2.2998    2.5037    2.7236    2.9604    3.2149    3.4877    3.7797    4.0916    4.4240    4.7776    5.1531    5.5509    5.9715    6.4155    6.8830    7.3745    7.8901    8.4299    8.9940    9.5821   10.1942   10.8300   11.4890   12.1708   12.8747   13.6000   14.3458   15.1112   15.8952   16.6966   17.5141   18.3465   19.1923   20.0499   20.9179   21.7946   22.6783   23.5674   24.4600   25.3543
   15.4331   14.8911   14.3503   13.8116   13.2761   12.7449   12.2190   11.6994   11.1870   10.6828   10.1875    9.7021    9.2272    8.7636    8.3119    7.8727    7.4465    7.0337    6.6348    6.2500    5.8795    5.5236    5.1824    4.8559    4.5441    4.2469    3.9643    3.6960    3.4419    3.2017    2.9751    2.7617    2.5612    2.3732    2.1974    2.0331    1.8801    1.7378    1.6058    1.4836    1.3707    1.2667    1.1710    1.0833    1.0031    0.9300    0.8635    0.8032    0.7487    0.6998    0.6560    0.6170    0.5826    0.5524    0.5263    0.5040    0.4853    0.4701    0.4582    0.4496    0.4441    0.4418    0.4426    0.4466    0.4537    0.4642    0.4781    0.4955    0.5168    0.5420    0.5714    0.6054    0.6442    0.6883    0.7380    0.7938    0.8561    0.9255    1.0025    1.0876    1.1814    1.2847    1.3981    1.5222    1.6577    1.8055    1.9663    2.1408    2.3298    2.5341    2.7546    2.9919    3.2469    3.5204    3.8130    4.1256    4.4587    4.8131    5.1894    5.5881    6.0096    6.4545    6.9231    7.4156    7.9323    8.4733    9.0385    9.6279   10.2413   10.8785   11.5389   12.2221   12.9274   13.6542   14.4016   15.1686   15.9543   16.7573   17.5766   18.4107   19.2582   20.1176   20.9874   21.8660   22.7515   23.6424   24.5368   25.4331
   15.5118   14.9680   14.4252   13.8847   13.3473   12.8143   12.2866   11.7651   11.2509   10.7449   10.2479    9.7608    9.2843    8.8191    8.3658    7.9251    7.4974    7.0832    6.6829    6.2968    5.9250    5.5679    5.2255    4.8979    4.5850    4.2869    4.0033    3.7341    3.4792    3.2382    3.0108    2.7967    2.5956    2.4070    2.2306    2.0658    1.9123    1.7696    1.6372    1.5146    1.4014    1.2970    1.2011    1.1132    1.0328    0.9594    0.8927    0.8323    0.7777    0.7287    0.6848    0.6457    0.6112    0.5810    0.5549    0.5326    0.5139    0.4987    0.4868    0.4782    0.4728    0.4705    0.4714    0.4754    0.4827    0.4932    0.5072    0.5248    0.5461    0.5714    0.6010    0.6351    0.6741    0.7183    0.7682    0.8242    0.8867    0.9562    1.0334    1.1187    1.2129    1.3164    1.4300    1.5544    1.6903    1.8385    1.9996    2.1745    2.3639    2.5687    2.7896    3.0275    3.2830    3.5570    3.8503    4.1635    4.4973    4.8524    5.2295    5.6289    6.0513    6.4971    6.9666    7.4601    7.9778    8.5198    9.0861    9.6767   10.2913   10.9296   11.5913   12.2758   12.9825   13.7107   14.4595   15.2280   16.0151   16.8197   17.6405   18.4762   19.3253   20.1863   21.0578   21.9380   22.8252   23.7178   24.6139   25.5118
   15.5906   15.0450   14.5005   13.9582   13.4191   12.8843   12.3549   11.8318   11.3160   10.8083   10.3097    9.8211    9.3430    8.8763    8.4216    7.9795    7.5505    7.1350    6.7334    6.3460    5.9731    5.6149    5.2714    4.9428    4.6289    4.3298    4.0454    3.7754    3.5197    3.2779    3.0499    2.8352    2.6335    2.4443    2.2674    2.1022    1.9482    1.8051    1.6723    1.5494    1.4359    1.3313    1.2352    1.1470    1.0664    0.9929    0.9261    0.8655    0.8109    0.7617    0.7178    0.6787    0.6442    0.6140    0.5878    0.5655    0.5468    0.5316    0.5198    0.5113    0.5059    0.5037    0.5047    0.5088    0.5161    0.5268    0.5408    0.5585    0.5799    0.6054    0.6351    0.6693    0.7085    0.7529    0.8029    0.8591    0.9218    0.9915    1.0689    1.1545    1.2489    1.3526    1.4665    1.5912    1.7274    1.8759    2.0374    2.2126    2.4025    2.6077    2.8290    3.0674    3.3234    3.5980    3.8918    4.2056    4.5400    4.8958    5.2735    5.6737    6.0968    6.5434    7.0137    7.5081    8.0267    8.5697    9.1370    9.7286   10.3442   10.9837   11.6465   12.3322   13.0401   13.7695   14.5196   15.2894   16.0778   16.8838   17.7060   18.5431   19.3936   20.2561   21.1290   22.0107   22.8994   23.7935   24.6911   25.5906
   15.6693   15.1221   14.5760   14.0321   13.4915   12.9552   12.4242   11.8995   11.3822   10.8731   10.3730    9.8829    9.4035    8.9354    8.4794    8.0360    7.6057    7.1891    6.7863    6.3978    6.0239    5.6646    5.3202    4.9906    4.6759    4.3760    4.0908    3.8201    3.5636    3.3213    3.0926    2.8773    2.6751    2.4855    2.3081    2.1424    1.9881    1.8447    1.7116    1.5884    1.4746    1.3698    1.2735    1.1852    1.1044    1.0308    0.9639    0.9032    0.8485    0.7993    0.7553    0.7162    0.6817    0.6515    0.6253    0.6031    0.5844    0.5693    0.5576    0.5491    0.5438    0.5417    0.5427    0.5469    0.5544    0.5651    0.5793    0.5971    0.6187    0.6442    0.6741    0.7085    0.7478    0.7924    0.8426    0.8989    0.9618    1.0318    1.1093    1.1951    1.2897    1.3938    1.5079    1.6329    1.7694    1.9182    2.0800    2.2556    2.4458    2.6514    2.8732    3.1119    3.3684    3.6434    3.9378    4.2521    4.5871    4.9435    5.3218    5.7226    6.1465    6.5937    7.0648    7.5600    8.0794    8.6232    9.1914    9.7838   10.4004   11.0408   11.7047   12.3914   13.1003   13.8309   14.5821   15.3530   16.1426   16.9497   17.7731   18.6115   19.4633   20.3271   21.2012   22.0842   22.9742   23.8696   24.7685   25.6693
   15.7480   15.1994   14.6519   14.1066   13.5645   13.0268   12.4944   11.9684   11.4497   10.9392   10.4379    9.9465    9.4658    8.9966    8.5394    8.0949    7.6635    7.2457    6.8420    6.4525    6.0776    5.7175    5.3722    5.0418    4.7263    4.4257    4.1397    3.8684    3.6113    3.3684    3.1392    2.9234    2.7207    2.5307    2.3529    2.1869    2.0323    1.8886    1.7552    1.6318    1.5179    1.4129    1.3164    1.2279    1.1471    1.0734    1.0064    0.9457    0.8909    0.8417    0.7977    0.7586    0.7241    0.6939    0.6679    0.6456    0.6271    0.6120    0.6003    0.5919    0.5868    0.5847    0.5859    0.5902    0.5978    0.6086    0.6230    0.6409    0.6626    0.6883    0.7183    0.7529    0.7924    0.8371    0.8875    0.9440    1.0071    1.0773    1.1551    1.2411    1.3359    1.4402    1.5546    1.6798    1.8166    1.9657    2.1278    2.3037    2.4942    2.7002    2.9223    3.1615    3.4184    3.6938    3.9886    4.3034    4.6389    4.9958    5.3747    5.7761    6.2005    6.6484    7.1201    7.6159    8.1360    8.6805    9.2495    9.8427   10.4601   11.1014   11.7660   12.4536   13.1635   13.8949   14.6471   15.4190   16.2096   17.0177   17.8421   18.6815   19.5344   20.3992   21.2745   22.1585   23.0496   23.9461   24.8462   25.7480
   15.8268   15.2769   14.7281   14.1815   13.6382   13.0993   12.5657   12.0385   11.5186   11.0070   10.5045   10.0120    9.5302    9.0599    8.6017    8.1562    7.7238    7.3051    6.9005    6.5102    6.1345    5.7735    5.4275    5.0964    4.7803    4.4790    4.1925    3.9206    3.6630    3.4196    3.1900    2.9738    2.7707    2.5804    2.4023    2.2360    2.0811    1.9371    1.8036    1.6800    1.5659    1.4608    1.3642    1.2757    1.1948    1.1210    1.0540    0.9933    0.9385    0.8893    0.8454    0.8063    0.7719    0.7417    0.7157    0.6936    0.6751    0.6601    0.6486    0.6403    0.6352    0.6333    0.6346    0.6390    0.6467    0.6577    0.6722    0.6903    0.7121    0.7380    0.7682    0.8029    0.8426    0.8875    0.9381    0.9948    1.0580    1.1284    1.2064    1.2927    1.3877    1.4922    1.6069    1.7324    1.8694    2.0187    2.1811    2.3574    2.5482    2.7544    2.9769    3.2164    3.4737    3.7495    4.0447    4.3599    4.6958    5.0531    5.4324    5.8343    6.2592    6.7077    7.1799    7.6763    8.1970    8.7421    9.3116    9.9055   10.5236   11.1655   11.8308   12.5191   13.2297   13.9619   14.7148   15.4875   16.2789   17.0878   17.9131   18.7533   19.6070   20.4727   21.3488   22.2337   23.1257   24.0231   24.9240   25.8268
   15.9055   15.3546   14.8047   14.2571   13.7127   13.1727   12.6381   12.1098   11.5890   11.0764   10.5729   10.0795    9.5968    9.1256    8.6665    8.2202    7.7870    7.3676    6.9622    6.5711    6.1948    5.8332    5.4865    5.1549    4.8382    4.5364    4.2494    3.9770    3.7191    3.4753    3.2453    3.0288    2.8254    2.6348    2.4564    2.2900    2.1349    1.9908    1.8571    1.7334    1.6192    1.5140    1.4174    1.3288    1.2479    1.1741    1.1071    1.0464    0.9917    0.9425    0.8986    0.8597    0.8253    0.7953    0.7693    0.7473    0.7289    0.7141    0.7027    0.6945    0.6896    0.6878    0.6892    0.6938    0.7017    0.7128    0.7275    0.7457    0.7678    0.7938    0.8242    0.8591    0.8989    0.9440    0.9948    1.0517    1.1151    1.1857    1.2639    1.3504    1.4456    1.5504    1.6653    1.7910    1.9283    2.0778    2.2405    2.4170    2.6081    2.8146    3.0374    3.2771    3.5347    3.8109    4.1063    4.4219    4.7582    5.1158    5.4955    5.8978    6.3231    6.7719    7.2446    7.7414    8.2625    8.8081    9.3781    9.9725   10.5910   11.2334   11.8993   12.5881   13.2993   14.0320   14.7855   15.5588   16.3508   17.1603   17.9861   18.8270   19.6813   20.5476   21.4244   22.3099   23.2026   24.1005   25.0021   25.9055
   15.9843   15.4324   14.8817   14.3332   13.7880   13.2472   12.7117   12.1827   11.6610   11.1476   10.6434   10.1492    9.6658    9.1938    8.7341    8.2870    7.8533    7.4332    7.0272    6.6356    6.2587    5.8966    5.5495    5.2174    4.9003    4.5981    4.3108    4.0381    3.7798    3.5357    3.3054    3.0887    2.8852    2.6943    2.5159    2.3492    2.1941    2.0498    1.9161    1.7924    1.6781    1.5729    1.4763    1.3877    1.3068    1.2331    1.1661    1.1055    1.0509    1.0018    0.9580    0.9191    0.8849    0.8550    0.8292    0.8073    0.7891    0.7744    0.7631    0.7551    0.7503    0.7487    0.7503    0.7551    0.7631    0.7744    0.7892    0.8077    0.8299    0.8561    0.8867    0.9218    0.9618    1.0071    1.0580    1.1151    1.1788    1.2496    1.3280    1.4147    1.5102    1.6151    1.7302    1.8561    1.9936    2.1434    2.3063    2.4830    2.6743    2.8811    3.1041    3.3441    3.6019    3.8783    4.1741    4.4899    4.8264    5.1844    5.5643    5.9669    6.3925    6.8416    7.3145    7.8116    8.3331    8.8790    9.4493   10.0440   10.6628   11.3056   11.9718   12.6610   13.3725   14.1055   14.8594   15.6330   16.4253   17.2352   18.0615   18.9026   19.7573   20.6240   21.5012   22.3871   23.2801   24.1785   25.0805   25.9843
   16.0630   15.5105   14.9592   14.4101   13.8642   13.3227   12.7867   12.2570   11.7347   11.2207   10.7160   10.2212    9.7373    9.2648    8.8046    8.3570    7.9228    7.5023    7.0959    6.7039    6.3266    5.9642    5.6167    5.2843    4.9669    4.6645    4.3769    4.1040    3.8455    3.6013    3.3709    3.1540    2.9504    2.7594    2.5809    2.4142    2.2590    2.1148    1.9810    1.8573    1.7431    1.6380    1.5414    1.4529    1.3721    1.2984    1.2316    1.1711    1.1165    1.0676    1.0240    0.9852    0.9511    0.9214    0.8957    0.8740    0.8559    0.8414    0.8303    0.8225    0.8179    0.8165    0.8183    0.8232    0.8315    0.8430    0.8580    0.8766    0.8991    0.9255    0.9562    0.9915    1.0318    1.0773    1.1284    1.1857    1.2496    1.3206    1.3992    1.4861    1.5817    1.6869    1.8022    1.9283    2.0660    2.2160    2.3791    2.5560    2.7475    2.9544    3.1776    3.4178    3.6758    3.9524    4.2483    4.5643    4.9010    5.2591    5.6393    6.0420    6.4678    6.9170    7.3901    7.8874    8.4090    8.9550    9.5255   10.1203   10.7393   11.3822   12.0486   12.7379   13.4495   14.1827   14.9367   15.7104   16.5029   17.3129   18.1392   18.9805   19.8353   20.7021   21.5794   22.4654   23.3586   24.2570   25.1591   26.0630
   16.1417   15.5889   15.0371   14.4876   13.9414   13.3995   12.8630   12.3330   11.8103   11.2960   10.7909   10.2958    9.8115    9.3388    8.8782    8.4304    7.9959    7.5751    7.1685    6.7763    6.3988    6.0362    5.6885    5.3560    5.0385    4.7359    4.4482    4.1752    3.9167    3.6724    3.4420    3.2251    3.0214    2.8305    2.6520    2.4854    2.3302    2.1861    2.0524    1.9287    1.8146    1.7096    1.6131    1.5248    1.4441    1.3706    1.3039    1.2435    1.1892    1.1404    1.0970    1.0584    1.0245    0.9949    0.9695    0.9480    0.9301    0.9158    0.9049    0.8973    0.8929    0.8917    0.8937    0.8989    0.9073    0.9191    0.9343    0.9532    0.9758    1.0025    1.0334    1.0689    1.1093    1.1551    1.2064    1.2639    1.3280    1.3992    1.4780    1.5651    1.6609    1.7663    1.8818    2.0081    2.1459    2.2961    2.4593    2.6364    2.8280    3.0351    3.2585    3.4988    3.7569    4.0336    4.3296    4.6457    4.9825    5.3407    5.7209    6.1236    6.5494    6.9987    7.4718    7.9691    8.4907    9.0367    9.6071   10.2019   10.8209   11.4637   12.1299   12.8191   13.5307   14.2638   15.0176   15.7912   16.5835   17.3934   18.2196   19.0607   19.9154   20.7820   21.6591   22.5449   23.4379   24.3362   25.2381   26.1417
   16.2205   15.6675   15.1156   14.5659   14.0195   13.4775   12.9409   12.4107   11.8880   11.3735   10.8683   10.3731    9.8887    9.4159    8.9552    8.5074    8.0728    7.6520    7.2453    6.8531    6.4755    6.1129    5.7653    5.4327    5.1153    4.8127    4.5251    4.2522    3.9937    3.7495    3.5191    3.3024    3.0988    2.9080    2.7296    2.5631    2.4081    2.2641    2.1306    2.0071    1.8932    1.7883    1.6921    1.6039    1.5234    1.4501    1.3836    1.3235    1.2693    1.2208    1.1776    1.1392    1.1055    1.0762    1.0510    1.0297    1.0121    0.9980    0.9874    0.9800    0.9759    0.9749    0.9772    0.9826    0.9913    1.0033    1.0187    1.0378    1.0607    1.0876    1.1187    1.1545    1.1951    1.2411    1.2927    1.3504    1.4147    1.4861    1.5651    1.6523    1.7484    1.8539    1.9695    2.0960    2.2340    2.3843    2.5476    2.7248    2.9166    3.1238    3.3471    3.5875    3.8457    4.1224    4.4184    4.7345    5.0713    5.4294    5.8095    6.2122    6.6379    7.0871    7.5601    8.0572    8.5786    9.1244    9.6946   10.2891   10.9078   11.5503   12.2163   12.9052   13.6163   14.3491   15.1025   15.8757   16.6676   17.4771   18.3028   19.1435   19.9976   20.8638   21.7404   22.6257   23.5182   24.4159   25.3173   26.2205
   16.2992   15.7463   15.1946   14.6450   14.0988   13.5569   13.0204   12.4904   11.9678   11.4534   10.9484   10.4533    9.9691    9.4964    9.0359    8.5882    8.1538    7.7331    7.3266    6.9346    6.5572    6.1948    5.8474    5.5150    5.1977    4.8954    4.6080    4.3352    4.0770    3.8330    3.6029    3.3863    3.1830    2.9924    2.8143    2.6480    2.4932    2.3495    2.2162    2.0930    1.9793    1.8747    1.7787    1.6908    1.6105    1.5375    1.4713    1.4114    1.3576    1.3093    1.2663    1.2283    1.1949    1.1658    1.1409    1.1199    1.1025    1.0887    1.0783    1.0712    1.0674    1.0667    1.0692    1.0749    1.0838    1.0961    1.1118    1.1312    1.1543    1.1814    1.2129    1.2489    1.2897    1.3359    1.3877    1.4456    1.5102    1.5817    1.6609    1.7484    1.8446    1.9503    2.0660    2.1926    2.3308    2.4812    2.6446    2.8218    3.0136    3.2209    3.4443    3.6846    3.9428    4.2194    4.5154    4.8313    5.1679    5.5259    5.9059    6.3083    6.7338    7.1827    7.6553    8.1521    8.6731    9.2185    9.7883   10.3824   11.0006   11.6425   12.3079   12.9962   13.7068   14.4389   15.1917   15.9642   16.7554   17.5641   18.3890   19.2289   20.0823   20.9476   21.8234   22.7079   23.5995   24.4964   25.3969   26.2992
   16.3780   15.8255   15.2742   14.7250   14.1792   13.6378   13.1017   12.5721   12.0499   11.5360   11.0313   10.5367   10.0529    9.5806    9.1205    8.6732    8.2392    7.8189    7.4128    7.0212    6.6442    6.2822    5.9351    5.6032    5.2862    4.9843    4.6972    4.4249    4.1670    3.9233    3.6936    3.4774    3.2744    3.0842    2.9064    2.7405    2.5861    2.4427    2.3098    2.1869    2.0735    1.9693    1.8736    1.7860    1.7061    1.6334    1.5675    1.5080    1.4545    1.4065    1.3639    1.3261    1.2930    1.2643    1.2397    1.2190    1.2020    1.1885    1.1784    1.1716    1.1681    1.1677    1.1705    1.1765    1.1857    1.1983    1.2143    1.2339    1.2573    1.2847    1.3164    1.3526    1.3938    1.4402    1.4922    1.5504    1.6151    1.6869    1.7663    1.8539    1.9503    2.0561    2.1720    2.2987    2.4369    2.5874    2.7508    2.9281    3.1199    3.3271    3.5504    3.7907    4.0487    4.3252    4.6210    4.9367    5.2731    5.6308    6.0104    6.4125    6.8375    7.2860    7.7582    8.2544    8.7748    9.3196    9.8887   10.4821   11.0995   11.7408   12.4053   13.0928   13.8024   14.5336   15.2854   16.0569   16.8470   17.6547   18.4785   19.3173   20.1695   21.0337   21.9082   22.7915   23.6819   24.5776   25.4769   26.3780
   16.4567   15.9050   15.3544   14.8060   14.2609   13.7202   13.1849   12.6560   12.1345   11.6213   11.1174   10.6234   10.1403    9.6687    9.2093    8.7627    8.3293    7.9097    7.5042    7.1132    6.7369    6.3754    6.0290    5.6976    5.3813    5.0799    4.7934    4.5216    4.2642    4.0211    3.7918    3.5762    3.3737    3.1840    3.0066    2.8412    2.6872    2.5443    2.4118    2.2894    2.1765    2.0726    1.9773    1.8902    1.8107    1.7384    1.6729    1.6138    1.5606    1.5131    1.4708    1.4334    1.4007    1.3723    1.3481    1.3277    1.3111    1.2979    1.2882    1.2818    1.2786    1.2785    1.2817    1.2880    1.2975    1.3104    1.3267    1.3466    1.3703    1.3981    1.4300    1.4665    1.5079    1.5546    1.6069    1.6653    1.7302    1.8022    1.8818    1.9695    2.0660    2.1720    2.2880    2.4148    2.5530    2.7035    2.8670    3.0442    3.2360    3.4431    3.6663    3.9064    4.1642    4.4404    4.7359    5.0513    5.3873    5.7446    6.1237    6.5252    6.9497    7.3975    7.8690    8.3645    8.8842    9.4281    9.9963   10.5888   11.2052   11.8454   12.5088   13.1951   13.9036   14.6335   15.3840   16.1541   16.9429   17.7491   18.5715   19.4087   20.2594   21.1221   21.9951   22.8768   23.7655   24.6596   25.5573   26.4567
   16.5354   15.9848   15.4353   14.8880   14.3440   13.8043   13.2701   12.7422   12.2218   11.7096   11.2067   10.7138   10.2317    9.7610    9.3026    8.8569    8.4245    8.0058    7.6012    7.2111    6.8356    6.4750    6.1294    5.7988    5.4832    5.1826    4.8969    4.6258    4.3691    4.1267    3.8981    3.6831    3.4813    3.2922    3.1155    2.9506    2.7972    2.6548    2.5229    2.4010    2.2886    2.1853    2.0906    2.0039    1.9249    1.8531    1.7880    1.7294    1.6767    1.6296    1.5877    1.5508    1.5185    1.4906    1.4667    1.4468    1.4305    1.4178    1.4084    1.4024    1.3996    1.3999    1.4034    1.4101    1.4200    1.4332    1.4499    1.4701    1.4941    1.5222    1.5544    1.5912    1.6329    1.6798    1.7324    1.7910    1.8561    1.9283    2.0081    2.0960    2.1926    2.2987    2.4148    2.5416    2.6799    2.8304    2.9938    3.1709    3.3626    3.5695    3.7925    4.0323    4.2898    4.5657    4.8608    5.1757    5.5112    5.8679    6.2464    6.6472    7.0709    7.5179    7.9885    8.4831    9.0017    9.5446   10.1116   10.7029   11.3180   11.9568   12.6189   13.3037   14.0106   14.7389   15.4877   16.2562   17.0432   17.8476   18.6682   19.5035   20.3523   21.2130   22.0840   22.9637   23.8504   24.7425   25.6381   26.5354
   16.6142   16.0650   15.5169   14.9711   14.4285   13.8902   13.3574   12.8310   12.3119   11.8011   11.2995   10.8080   10.3272    9.8578    9.4007    8.9562    8.5250    8.1075    7.7041    7.3151    6.9408    6.5813    6.2367    5.9072    5.5926    5.2930    5.0082    4.7380    4.4823    4.2407    4.0130    3.7988    3.5977    3.4094    3.2335    3.0694    2.9167    2.7750    2.6437    2.5225    2.4107    2.3080    2.2139    2.1278    2.0494    1.9781    1.9136    1.8555    1.8033    1.7567    1.7153    1.6789    1.6471    1.6196    1.5963    1.5768    1.5610    1.5487    1.5398    1.5342    1.5317    1.5325    1.5364    1.5435    1.5538    1.5674    1.5844    1.6050    1.6294    1.6577    1.6903    1.7274    1.7694    1.8166    1.8694    1.9283    1.9936    2.0660    2.1459    2.2340    2.3308    2.4369    2.5530    2.6799    2.8182    2.9686    3.1319    3.3089    3.5003    3.7070    3.9297    4.1692    4.4263    4.7017    4.9963    5.3106    5.6454    6.0014    6.3790    6.7790    7.2018    7.6477    8.1173    8.6106    9.1280    9.6695   10.2351   10.8248   11.4384   12.0756   12.7359   13.4189   14.1239   14.8502   15.5971   16.3634   17.1483   17.9505   18.7688   19.6019   20.4483   21.3066   22.1752   23.0524   23.9367   24.8262   25.7193   26.6142
   16.6929   16.1456   15.5993   15.0553   14.5145   13.9781   13.4470   12.9224   12.4050   11.8960   11.3961   10.9062   10.4271    9.9594    9.5038    9.0610    8.6313    8.2153    7.8134    7.4258    7.0528    6.6947    6.3515    6.0232    5.7099    5.4115    5.1278    4.8588    4.6042    4.3637    4.1370    3.9238    3.7237    3.5363    3.3613    3.1980    3.0462    2.9053    2.7749    2.6544    2.5434    2.4414    2.3479    2.2625    2.1847    2.1141    2.0503    1.9927    1.9412    1.8952    1.8544    1.8185    1.7872    1.7603    1.7374    1.7185    1.7032    1.6914    1.6829    1.6778    1.6758    1.6770    1.6814    1.6889    1.6996    1.7136    1.7311    1.7521    1.7768    1.8055    1.8385    1.8759    1.9182    1.9657    2.0187    2.0778    2.1434    2.2160    2.2961    2.3843    2.4812    2.5874    2.7035    2.8304    2.9686    3.1189    3.2821    3.4588    3.6500    3.8564    4.0787    4.3177    4.5743    4.8492    5.1430    5.4566    5.7906    6.1457    6.5224    6.9213    7.3429    7.7876    8.2558    8.7477    9.2635    9.8034   10.3673   10.9552   11.5669   12.2021   12.8603   13.5411   14.2439   14.9679   15.7123   16.4762   17.2585   18.0581   18.8737   19.7040   20.5476   21.4030   22.2687   23.1430   24.0244   24.9109   25.8010   26.6929
   16.7717   16.2265   15.6825   15.1407   14.6022   14.0679   13.5391   13.0166   12.5014   11.9945   11.4967   11.0088   10.5317   10.0660    9.6124    9.1714    8.7436    8.3295    7.9293    7.5435    7.1722    6.8157    6.4741    6.1473    5.8355    5.5386    5.2563    4.9887    4.7354    4.4961    4.2707    4.0586    3.8597    3.6734    3.4994    3.3372    3.1864    3.0464    2.9169    2.7973    2.6872    2.5860    2.4934    2.4088    2.3318    2.2619    2.1987    2.1419    2.0910    2.0456    2.0055    1.9702    1.9396    1.9132    1.8910    1.8726    1.8578    1.8466    1.8387    1.8340    1.8326    1.8343    1.8391    1.8471    1.8583    1.8727    1.8906    1.9120    1.9372    1.9663    1.9996    2.0374    2.0800    2.1278    2.1811    2.2405    2.3063    2.3791    2.4593    2.5476    2.6446    2.7508    2.8670    2.9938    3.1319    3.2821    3.4450    3.6215    3.8124    4.0183    4.2401    4.4786    4.7346    5.0087    5.3018    5.6145    5.9475    6.3015    6.6770    7.0746    7.4948    7.9381    8.4047    8.8949    9.4089    9.9469   10.5088   11.0946   11.7040   12.3368   12.9926   13.6709   14.3710   15.0923   15.8338   16.5948   17.3741   18.1706   18.9830   19.8101   20.6504   21.5025   22.3648   23.2357   24.1136   24.9967   25.8833   26.7717
   16.8504   16.3080   15.7666   15.2274   14.6915   14.1599   13.6337   13.1138   12.6012   12.0968   11.6015   11.1161   10.6413   10.1780    9.7267    9.2880    8.8624    8.4504    8.0524    7.6686    7.2993    6.9448    6.6050    6.2801    5.9700    5.6748    5.3942    5.1282    4.8764    4.6386    4.4146    4.2040    4.0064    3.8214    3.6486    3.4876    3.3379    3.1991    3.0706    2.9520    2.8429    2.7427    2.6509    2.5672    2.4911    2.4220    2.3597    2.3036    2.2535    2.2088    2.1694    2.1349    2.1049    2.0792    2.0576    2.0398    2.0257    2.0150    2.0077    2.0036    2.0028    2.0050    2.0104    2.0189    2.0305    2.0455    2.0638    2.0857    2.1113    2.1408    2.1745    2.2126    2.2556    2.3037    2.3574    2.4170    2.4830    2.5560    2.6364    2.7248    2.8218    2.9281    3.0442    3.1709    3.3089    3.4588    3.6215    3.7977    3.9881    4.1936    4.4148    4.6527    4.9078    5.1811    5.4732    5.7849    6.1167    6.4694    6.8436    7.2397    7.6583    8.0998    8.5646    9.0528    9.5648   10.1005   10.6601   11.2434   11.8502   12.4803   13.1333   13.8086   14.5056   15.2237   15.9620   16.7196   17.4954   18.2883   19.0971   19.9205   20.7570   21.6052   22.4636   23.3306   24.2044   25.0835   25.9661   26.8504
   16.9291   16.3898   15.8516   15.3156   14.7827   14.2542   13.7310   13.2141   12.7045   12.2031   11.7107   11.2281   10.7562   10.2957    9.8471    9.4110    8.9880    8.5785    8.1830    7.8016    7.4346    7.0823    6.7447    6.4219    6.1140    5.8207    5.5420    5.2778    5.0278    4.7918    4.5694    4.3604    4.1643    3.9808    3.8094    3.6498    3.5014    3.3638    3.2365    3.1191    3.0111    2.9120    2.8213    2.7385    2.6634    2.5952    2.5338    2.4786    2.4293    2.3855    2.3469    2.3131    2.2839    2.2589    2.2380    2.2209    2.2075    2.1975    2.1908    2.1874    2.1871    2.1899    2.1959    2.2049    2.2171    2.2326    2.2514    2.2738    2.2998    2.3298    2.3639    2.4025    2.4458    2.4942    2.5482    2.6081    2.6743    2.7475    2.8280    2.9166    3.0136    3.1199    3.2360    3.3626    3.5003    3.6500    3.8124    3.9881    4.1780    4.3829    4.6035    4.8405    5.0948    5.3671    5.6581    5.9685    6.2990    6.6503    7.0228    7.4173    7.8340    8.2735    8.7361    9.2221    9.7316   10.2648   10.8217   11.4022   12.0060   12.6330   13.2827   13.9547   14.6482   15.3627   16.0972   16.8509   17.6227   18.4116   19.2162   20.0353   20.8675   21.7113   22.5653   23.4277   24.2970   25.1715   26.0494   26.9291
   17.0079   16.4722   15.9376   15.4051   14.8759   14.3509   13.8312   13.3178   12.8116   12.3136   11.8246   11.3453   10.8767   10.4193    9.9738    9.5408    9.1208    8.7142    8.3215    7.9428    7.5785    7.2288    6.8938    6.5734    6.2678    5.9768    5.7003    5.4382    5.1902    4.9561    4.7356    4.5284    4.3341    4.1522    3.9825    3.8244    3.6775    3.5413    3.4154    3.2993    3.1925    3.0946    3.0051    2.9235    2.8494    2.7823    2.7219    2.6676    2.6193    2.5764    2.5386    2.5057    2.4773    2.4532    2.4330    2.4167    2.4040    2.3947    2.3887    2.3860    2.3864    2.3898    2.3964    2.4060    2.4189    2.4349    2.4543    2.4772    2.5037    2.5341    2.5687    2.6077    2.6514    2.7002    2.7544    2.8146    2.8811    2.9544    3.0351    3.1238    3.2209    3.3271    3.4431    3.5695    3.7070    3.8564    4.0183    4.1936    4.3829    4.5871    4.8068    5.0430    5.2962    5.5674    5.8571    6.1661    6.4951    6.8447    7.2154    7.6079    8.0225    8.4598    8.9200    9.4034    9.9102   10.4405   10.9943   11.5715   12.1720   12.7955   13.4415   14.1096   14.7992   15.5095   16.2398   16.9891   17.7565   18.5407   19.3406   20.1549   20.9822   21.8210   22.6699   23.5272   24.3914   25.2606   26.1334   27.0079
   17.0866   16.5550   16.0245   15.4962   14.9710   14.4501   13.9344   13.4250   12.9228   12.4286   11.9434   11.4679   11.0030   10.5492   10.1073    9.6777    9.2611    8.8578    8.4683    8.0928    7.7315    7.3848    7.0525    6.7349    6.4320    6.1435    5.8695    5.6098    5.3642    5.1323    4.9139    4.7087    4.5163    4.3364    4.1684    4.0120    3.8668    3.7322    3.6079    3.4932    3.3879    3.2913    3.2031    3.1227    3.0498    2.9839    2.9245    2.8714    2.8241    2.7822    2.7454    2.7134    2.6859    2.6626    2.6434    2.6279    2.6159    2.6074    2.6022    2.6002    2.6013    2.6055    2.6127    2.6231    2.6365    2.6532    2.6731    2.6966    2.7236    2.7546    2.7896    2.8290    2.8732    2.9223    2.9769    3.0374    3.1041    3.1776    3.2585    3.3471    3.4443    3.5504    3.6663    3.7925    3.9297    4.0787    4.2401    4.4148    4.6035    4.8068    5.0257    5.2608    5.5129    5.7827    6.0710    6.3785    6.7057    7.0534    7.4221    7.8123    8.2246    8.6592    9.1167    9.5972   10.1009   10.6280   11.1783   11.7520   12.3487   12.9682   13.6101   14.2739   14.9590   15.6647   16.3902   17.1346   17.8969   18.6759   19.4706   20.2794   21.1012   21.9345   22.7777   23.6293   24.4876   25.3511   26.2180   27.0866
   17.1654   16.6384   16.1126   15.5888   15.0683   14.5520   14.0408   13.5359   13.0381   12.5483   12.0674   11.5962   11.1354   10.6857   10.2478    9.8222    9.4094    9.0098    8.6239    8.2519    7.8941    7.5506    7.2216    6.9071    6.6071    6.3215    6.0503    5.7933    5.5502    5.3208    5.1048    4.9019    4.7117    4.5339    4.3679    4.2135    4.0701    3.9373    3.8146    3.7016    3.5978    3.5027    3.4159    3.3369    3.2653    3.2007    3.1426    3.0906    3.0444    3.0036    2.9679    2.9369    2.9104    2.8881    2.8698    2.8552    2.8441    2.8365    2.8321    2.8309    2.8328    2.8377    2.8457    2.8567    2.8708    2.8881    2.9087    2.9328    2.9604    2.9919    3.0275    3.0674    3.1119    3.1615    3.2164    3.2771    3.3441    3.4178    3.4988    3.5875    3.6846    3.7907    3.9064    4.0323    4.1692    4.3177    4.4786    4.6527    4.8405    5.0430    5.2608    5.4947    5.7455    6.0139    6.3005    6.6062    6.9315    7.2770    7.6434    8.0312    8.4408    8.8726    9.3270    9.8042   10.3045   10.8279   11.3744   11.9440   12.5365   13.1516   13.7889   14.4479   15.1280   15.8286   16.5488   17.2877   18.0444   18.8176   19.6063   20.4092   21.2249   22.0519   22.8888   23.7340   24.5859   25.4429   26.3033   27.1654
   17.2441   16.7224   16.2017   15.6832   15.1678   14.6566   14.1505   13.6506   13.1578   12.6729   12.1968   11.7304   11.2742   10.8291   10.3957    9.9744    9.5659    9.1705    8.7886    8.4205    8.0665    7.7268    7.4013    7.0903    6.7936    6.5113    6.2432    5.9891    5.7489    5.5223    5.3089    5.1086    4.9208    4.7453    4.5816    4.4292    4.2879    4.1570    4.0362    3.9250    3.8230    3.7295    3.6443    3.5668    3.4967    3.4335    3.3767    3.3260    3.2811    3.2415    3.2069    3.1771    3.1516    3.1304    3.1130    3.0994    3.0893    3.0826    3.0791    3.0788    3.0815    3.0873    3.0960    3.1078    3.1226    3.1407    3.1619    3.1866    3.2149    3.2469    3.2830    3.3234    3.3684    3.4184    3.4737    3.5347    3.6019    3.6758    3.7569    3.8457    3.9428    4.0487    4.1642    4.2898    4.4263    4.5743    4.7346    4.9078    5.0948    5.2962    5.5129    5.7455    5.9948    6.2615    6.5464    6.8501    7.1732    7.5164    7.8802    8.2652    8.6718    9.1004    9.5514   10.0251   10.5215   11.0409   11.5832   12.1483   12.7361   13.3463   13.9784   14.6321   15.3067   16.0016   16.7159   17.4488   18.1992   18.9661   19.7482   20.5444   21.3533   22.1734   23.0033   23.8415   24.6862   25.5361   26.3892   27.2441
   17.3228   16.8069   16.2920   15.7793   15.2696   14.7641   14.2637   13.7694   13.2820   12.8026   12.3319   11.8707   11.4198   10.9797   10.5513   10.1349    9.7311    9.3403    8.9629    8.5992    8.2494    7.9137    7.5923    7.2850    6.9921    6.7133    6.4487    6.1979    5.9608    5.7373    5.5268    5.3293    5.1442    4.9712    4.8100    4.6600    4.5209    4.3922    4.2735    4.1642    4.0640    3.9724    3.8889    3.8131    3.7446    3.6829    3.6276    3.5783    3.5347    3.4964    3.4631    3.4345    3.4102    3.3901    3.3739    3.3613    3.3522    3.3465    3.3440    3.3446    3.3482    3.3548    3.3644    3.3770    3.3927    3.4114    3.4334    3.4588    3.4877    3.5204    3.5570    3.5980    3.6434    3.6938    3.7495    3.8109    3.8783    3.9524    4.0336    4.1224    4.2194    4.3252    4.4404    4.5657    4.7017    4.8492    5.0087    5.1811    5.3671    5.5674    5.7827    6.0139    6.2615    6.5264    6.8093    7.1107    7.4314    7.7720    8.1330    8.5149    8.9183    9.3434    9.7906   10.2603   10.7525   11.2674   11.8050   12.3652   12.9479   13.5526   14.1792   14.8270   15.4956   16.1841   16.8919   17.6181   18.3617   19.1215   19.8965   20.6853   21.4867   22.2993   23.1215   23.9518   24.7888   25.6307   26.4759   27.3228
   17.4016   16.8920   16.3836   15.8771   15.3738   14.8746   14.3804   13.8923   13.4111   12.9376   12.4729   12.0175   11.5723   11.1378   10.7148   10.3038    9.9052    9.5195    9.1471    8.7882    8.4431    8.1119    7.7948    7.4918    7.2030    6.9281    6.6672    6.4201    6.1865    5.9663    5.7591    5.5646    5.3824    5.2123    5.0537    4.9064    4.7697    4.6434    4.5269    4.4198    4.3217    4.2320    4.1504    4.0765    4.0096    3.9496    3.8959    3.8481    3.8060    3.7691    3.7372    3.7099    3.6869    3.6680    3.6529    3.6415    3.6336    3.6289    3.6274    3.6290    3.6336    3.6412    3.6517    3.6652    3.6817    3.7012    3.7240    3.7501    3.7797    3.8130    3.8503    3.8918    3.9378    3.9886    4.0447    4.1063    4.1741    4.2483    4.3296    4.4184    4.5154    4.6210    4.7359    4.8608    4.9963    5.1430    5.3018    5.4732    5.6581    5.8571    6.0710    6.3005    6.5464    6.8093    7.0899    7.3889    7.7070    8.0447    8.4025    8.7811    9.1808    9.6021   10.0452   10.5105   10.9981   11.5082   12.0406   12.5954   13.1723   13.7712   14.3916   15.0330   15.6949   16.3766   17.0773   17.7961   18.5322   19.2843   20.0514   20.8322   21.6254   22.4296   23.2434   24.0652   24.8936   25.7268   26.5634   27.4016
   17.4803   16.9778   16.4763   15.9769   15.4805   14.9882   14.5009   14.0195   13.5450   13.0782   12.6199   12.1709   11.7320   11.3037   10.8867   10.4816   10.0887    9.7086    9.3416    8.9880    8.6480    8.3218    8.0095    7.7111    7.4267    7.1561    6.8994    6.6562    6.4265    6.2099    6.0062    5.8150    5.6361    5.4691    5.3135    5.1689    5.0350    4.9112    4.7972    4.6924    4.5965    4.5090    4.4295    4.3575    4.2925    4.2343    4.1823    4.1362    4.0957    4.0603    4.0299    4.0040    3.9823    3.9648    3.9510    3.9408    3.9340    3.9305    3.9302    3.9329    3.9385    3.9471    3.9585    3.9730    3.9903    4.0108    4.0344    4.0612    4.0916    4.1256    4.1635    4.2056    4.2521    4.3034    4.3599    4.4219    4.4899    4.5643    4.6457    4.7345    4.8313    4.9367    5.0513    5.1757    5.3106    5.4566    5.6145    5.7849    5.9685    6.1661    6.3785    6.6062    6.8501    7.1107    7.3889    7.6853    8.0004    8.3349    8.6894    9.0643    9.4601    9.8771   10.3158   10.7763   11.2589   11.7636   12.2904   12.8393   13.4100   14.0024   14.6160   15.2504   15.9051   16.5793   17.2722   17.9831   18.7109   19.4546   20.2131   20.9852   21.7695   22.5646   23.3692   24.1817   25.0007   25.8245   26.6516   27.4803
   17.5591   17.0642   16.5704   16.0786   15.5898   15.1050   14.6252   14.1512   13.6840   13.2244   12.7733   12.3313   11.8992   11.4776   11.0672   10.6685   10.2819    9.9079    9.5468    9.1989    8.8645    8.5437    8.2366    7.9433    7.6637    7.3978    7.1456    6.9068    6.6812    6.4686    6.2687    6.0812    5.9058    5.7421    5.5897    5.4482    5.3171    5.1962    5.0848    4.9826    4.8892    4.8040    4.7266    4.6567    4.5938    4.5375    4.4874    4.4431    4.4043    4.3706    4.3417    4.3173    4.2972    4.2810    4.2686    4.2598    4.2543    4.2520    4.2529    4.2567    4.2634    4.2731    4.2856    4.3010    4.3194    4.3407    4.3652    4.3929    4.4240    4.4587    4.4973    4.5400    4.5871    4.6389    4.6958    4.7582    4.8264    4.9010    4.9825    5.0713    5.1679    5.2731    5.3873    5.5112    5.6454    5.7906    5.9475    6.1167    6.2990    6.4951    6.7057    6.9315    7.1732    7.4314    7.7070    8.0004    8.3124    8.6435    8.9942    9.3651    9.7566   10.1691   10.6029   11.0582   11.5353   12.0341   12.5548   13.0973   13.6613   14.2467   14.8530   15.4798   16.1266   16.7926   17.4771   18.1793   18.8982   19.6328   20.3820   21.1445   21.9191   22.7044   23.4990   24.3015   25.1103   25.9239   26.7407   27.5591
   17.6378   17.1513   16.6658   16.1823   15.7018   15.2252   14.7535   14.2876   13.8283   13.3766   12.9331   12.4987   12.0741   11.6598   11.2566   10.8648   10.4850   10.1176    9.7630    9.4214    9.0930    8.7780    8.4766    8.1888    7.9145    7.6537    7.4063    7.1722    6.9511    6.7428    6.5471    6.3636    6.1919    6.0319    5.8829    5.7447    5.6168    5.4989    5.3904    5.2910    5.2001    5.1174    5.0425    4.9749    4.9142    4.8599    4.8118    4.7695    4.7325    4.7006    4.6734    4.6507    4.6321    4.6175    4.6065    4.5991    4.5950    4.5940    4.5961    4.6012    4.6091    4.6199    4.6335    4.6500    4.6694    4.6917    4.7171    4.7457    4.7776    4.8131    4.8524    4.8958    4.9435    4.9958    5.0531    5.1158    5.1844    5.2591    5.3407    5.4294    5.5259    5.6308    5.7446    5.8679    6.0014    6.1457    6.3015    6.4694    6.6503    6.8447    7.0534    7.2770    7.5164    7.7720    8.0447    8.3349    8.6435    8.9708    9.3176    9.6841   10.0710   10.4785   10.9070   11.3567   11.8278   12.3204   12.8345   13.3700   13.9268   14.5045   15.1029   15.7215   16.3597   17.0169   17.6923   18.3851   19.0944   19.8191   20.5582   21.3104   22.0745   22.8492   23.6330   24.4246   25.2224   26.0249   26.8306   27.6378
   17.7165   17.2391   16.7626   16.2881   15.8165   15.3488   14.8859   14.4287   13.9780   13.5348   13.0997   12.6735   12.2569   11.8506   11.4550   11.0708   10.6984   10.3381    9.9905    9.6556    9.3338    9.0252    8.7299    8.4479    8.1794    7.9241    7.6820    7.4529    7.2367    7.0331    6.8418    6.6626    6.4950    6.3388    6.1936    6.0590    5.9345    5.8198    5.7145    5.6180    5.5299    5.4500    5.3776    5.3124    5.2541    5.2021    5.1561    5.1158    5.0808    5.0508    5.0255    5.0045    4.9876    4.9746    4.9652    4.9593    4.9566    4.9571    4.9606    4.9669    4.9761    4.9882    5.0029    5.0205    5.0410    5.0643    5.0907    5.1202    5.1531    5.1894    5.2295    5.2735    5.3218    5.3747    5.4324    5.4955    5.5643    5.6393    5.7209    5.8095    5.9059    6.0104    6.1237    6.2464    6.3790    6.5224    6.6770    6.8436    7.0228    7.2154    7.4221    7.6434    7.8802    8.1330    8.4025    8.6894    8.9942    9.3176    9.6599   10.0218   10.4036   10.8058   11.2286   11.6722   12.1369   12.6227   13.1297   13.6577   14.2066   14.7762   15.3661   15.9758   16.6048   17.2524   17.9181   18.6008   19.2997   20.0138   20.7420   21.4831   22.2359   22.9991   23.7713   24.5511   25.3371   26.1276   26.9213   27.7165
   17.7953   17.3276   16.8608   16.3960   15.9341   15.4759   15.0225   14.5747   14.1333   13.6992   13.2731   12.8558   12.4479   12.0500   11.6628   11.2867   10.9222   10.5697   10.2296    9.9020    9.5872    9.2854    8.9967    8.7212    8.4587    8.2093    7.9729    7.7493    7.5383    7.3397    7.1533    6.9786    6.8155    6.6635    6.5223    6.3915    6.2707    6.1595    6.0574    5.9641    5.8791    5.8020    5.7324    5.6699    5.6140    5.5645    5.5208    5.4827    5.4498    5.4218    5.3984    5.3793    5.3642    5.3529    5.3452    5.3409    5.3398    5.3418    5.3467    5.3544    5.3650    5.3783    5.3944    5.4132    5.4347    5.4592    5.4866    5.5171    5.5509    5.5881    5.6289    5.6737    5.7226    5.7761    5.8343    5.8978    5.9669    6.0420    6.1236    6.2122    6.3083    6.4125    6.5252    6.6472    6.7790    6.9213    7.0746    7.2397    7.4173    7.6079    7.8123    8.0312    8.2652    8.5149    8.7811    9.0643    9.3651    9.6841   10.0218   10.3787   10.7551   11.1515   11.5681   12.0053   12.4630   12.9416   13.4409   13.9609   14.5014   15.0621   15.6428   16.2430   16.8621   17.4996   18.1546   18.8265   19.5143   20.2169   20.9334   21.6626   22.4033   23.1542   23.9140   24.6811   25.4544   26.2321   27.0129   27.7953
   17.8740   17.4168   16.9605   16.5060   16.0545   15.6066   15.1634   14.7256   14.2942   13.8699   13.4535   13.0457   12.6472   12.2585   11.8802   11.5128   11.1568   10.8126   10.4805   10.1607    9.8535    9.5591    9.2775    9.0087    8.7529    8.5098    8.2795    8.0617    7.8564    7.6632    7.4818    7.3121    7.1537    7.0062    6.8693    6.7426    6.6257    6.5182    6.4197    6.3298    6.2480    6.1740    6.1074    6.0476    5.9945    5.9475    5.9063    5.8705    5.8399    5.8141    5.7927    5.7756    5.7624    5.7530    5.7471    5.7444    5.7450    5.7485    5.7550    5.7642    5.7762    5.7909    5.8083    5.8283    5.8511    5.8767    5.9053    5.9368    5.9715    6.0096    6.0513    6.0968    6.1465    6.2005    6.2592    6.3231    6.3925    6.4678    6.5494    6.6379    6.7338    6.8375    6.9497    7.0709    7.2018    7.3429    7.4948    7.6583    7.8340    8.0225    8.2246    8.4408    8.6718    8.9183    9.1808    9.4601    9.7566   10.0710   10.4036   10.7551   11.1257   11.5160   11.9260   12.3562   12.8066   13.2773   13.7684   14.2798   14.8112   15.3626   15.9335   16.5234   17.1320   17.7585   18.4023   19.0625   19.7384   20.4288   21.1328   21.8493   22.5770   23.3147   24.0611   24.8148   25.5744   26.3384   27.1055   27.8740
   17.9528   17.5067   17.0616   16.6183   16.1778   15.7409   15.3086   14.8817   14.4609   14.0472   13.6411   13.2435   12.8549   12.4760   12.1073   11.7492   11.4024   11.0670   10.7435   10.4321   10.1330    9.8464    9.5723    9.3109    9.0621    8.8258    8.6020    8.3905    8.1911    8.0037    7.8278    7.6634    7.5100    7.3673    7.2350    7.1127    6.9999    6.8964    6.8017    6.7154    6.6371    6.5664    6.5029    6.4461    6.3958    6.3515    6.3129    6.2797    6.2515    6.2279    6.2088    6.1938    6.1826    6.1751    6.1711    6.1703    6.1726    6.1778    6.1859    6.1967    6.2102    6.2263    6.2451    6.2665    6.2906    6.3174    6.3471    6.3797    6.4155    6.4545    6.4971    6.5434    6.5937    6.6484    6.7077    6.7719    6.8416    6.9170    6.9987    7.0871    7.1827    7.2860    7.3975    7.5179    7.6477    7.7876    7.9381    8.0998    8.2735    8.4598    8.6592    8.8726    9.1004    9.3434    9.6021    9.8771   10.1691   10.4785   10.8058   11.1515   11.5160   11.8996   12.3026   12.7253   13.1678   13.6302   14.1126   14.6147   15.1366   15.6779   16.2383   16.8174   17.4146   18.0295   18.6612   19.3091   19.9722   20.6496   21.3403   22.0431   22.7570   23.4806   24.2128   24.9521   25.6971   26.4466   27.1989   27.9528
   18.0315   17.5974   17.1642   16.7328   16.3041   15.8790   15.4583   15.0429   14.6335   14.2310   13.8359   13.4492   13.0712   12.7027   12.3442   11.9962   11.6590   11.3331   11.0188   10.7163   10.4258   10.1476    9.8816    9.6279    9.3866    9.1576    8.9407    8.7358    8.5429    8.3615    8.1916    8.0327    7.8847    7.7471    7.6197    7.5020    7.3937    7.2944    7.2037    7.1213    7.0466    6.9794    6.9192    6.8656    6.8183    6.7770    6.7411    6.7105    6.6848    6.6637    6.6469    6.6341    6.6251    6.6197    6.6177    6.6188    6.6229    6.6299    6.6397    6.6522    6.6673    6.6849    6.7052    6.7280    6.7534    6.7815    6.8124    6.8462    6.8830    6.9231    6.9666    7.0137    7.0648    7.1201    7.1799    7.2446    7.3145    7.3901    7.4718    7.5601    7.6553    7.7582    7.8690    7.9885    8.1173    8.2558    8.4047    8.5646    8.7361    8.9200    9.1167    9.3270    9.5514    9.7906   10.0452   10.3158   10.6029   10.9070   11.2286   11.5681   11.9260   12.3026   12.6982   13.1130   13.5471   14.0006   14.4736   14.9660   15.4776   16.0082   16.5575   17.1250   17.7102   18.3127   18.9316   19.5663   20.2158   20.8794   21.5559   22.2443   22.9434   23.6521   24.3691   25.0931   25.8227   26.5566   27.2933   28.0315
   18.1102   17.6888   17.2683   16.8495   16.4334   16.0208   15.6125   15.2093   14.8120   14.4214   14.0381   13.6629   13.2962   12.9389   12.5912   12.2537   11.9269   11.6110   11.3064   11.0134   10.7321   10.4627   10.2053    9.9600    9.7266    9.5052    9.2957    9.0980    8.9118    8.7369    8.5732    8.4203    8.2779    8.1458    8.0235    7.9108    7.8072    7.7124    7.6260    7.5476    7.4768    7.4133    7.3566    7.3064    7.2623    7.2240    7.1911    7.1633    7.1403    7.1217    7.1074    7.0970    7.0903    7.0870    7.0871    7.0902    7.0963    7.1052    7.1167    7.1310    7.1477    7.1670    7.1888    7.2131    7.2399    7.2694    7.3016    7.3366    7.3745    7.4156    7.4601    7.5081    7.5600    7.6159    7.6763    7.7414    7.8116    7.8874    7.9691    8.0572    8.1521    8.2544    8.3645    8.4831    8.6106    8.7477    8.8949    9.0528    9.2221    9.4034    9.5972    9.8042   10.0251   10.2603   10.5105   10.7763   11.0582   11.3567   11.6722   12.0053   12.3562   12.7253   13.1130   13.5193   13.9445   14.3887   14.8518   15.3338   15.8345   16.3538   16.8912   17.4464   18.0190   18.6082   19.2136   19.8343   20.4695   21.1183   21.7798   22.4528   23.1364   23.8292   24.5301   25.2379   25.9511   26.6685   27.3887   28.1102
   18.1890   17.7810   17.3739   16.9686   16.5658   16.1664   15.7712   15.3809   14.9965   14.6185   14.2477   13.8846   13.5300   13.1844   12.8482   12.5220   12.2061   11.9008   11.6066   11.3236   11.0521   10.7921   10.5438   10.3071   10.0822    9.8690    9.6673    9.4770    9.2980    9.1300    8.9728    8.8262    8.6899    8.5635    8.4467    8.3392    8.2405    8.1505    8.0686    7.9945    7.9278    7.8682    7.8153    7.7686    7.7279    7.6929    7.6630    7.6382    7.6180    7.6021    7.5904    7.5825    7.5781    7.5772    7.5794    7.5847    7.5928    7.6037    7.6172    7.6332    7.6517    7.6727    7.6961    7.7220    7.7503    7.7812    7.8147    7.8510    7.8901    7.9323    7.9778    8.0267    8.0794    8.1360    8.1970    8.2625    8.3331    8.4090    8.4907    8.5786    8.6731    8.7748    8.8842    9.0017    9.1280    9.2635    9.4089    9.5648    9.7316    9.9102   10.1009   10.3045   10.5215   10.7525   10.9981   11.2589   11.5353   11.8278   12.1369   12.4630   12.8066   13.1678   13.5471   13.9445   14.3603   14.7945   15.2472   15.7182   16.2074   16.7147   17.2396   17.7818   18.3409   18.9163   19.5072   20.1131   20.7332   21.3664   22.0120   22.6688   23.3358   24.0119   24.6959   25.3864   26.0823   26.7823   27.4850   28.1890
   18.2677   17.8740   17.4811   17.0899   16.7012   16.3157   15.9344   15.5579   15.1870   14.8223   14.4647   14.1146   13.7726   13.4394   13.1154   12.8010   12.4966   12.2026   11.9193   11.6470   11.3857   11.1356   10.8969   10.6695   10.4535   10.2488   10.0554    9.8730    9.7015    9.5408    9.3906    9.2507    9.1206    9.0003    8.8893    8.7873    8.6939    8.6088    8.5317    8.4622    8.3998    8.3443    8.2953    8.2524    8.2153    8.1836    8.1570    8.1353    8.1181    8.1051    8.0960    8.0907    8.0889    8.0904    8.0949    8.1024    8.1127    8.1256    8.1411    8.1591    8.1794    8.2022    8.2273    8.2548    8.2846    8.3170    8.3519    8.3895    8.4299    8.4733    8.5198    8.5697    8.6232    8.6805    8.7421    8.8081    8.8790    8.9550    9.0367    9.1244    9.2185    9.3196    9.4281    9.5446    9.6695    9.8034    9.9469   10.1005   10.2648   10.4405   10.6280   10.8279   11.0409   11.2674   11.5082   11.7636   12.0341   12.3204   12.6227   12.9416   13.2773   13.6302   14.0006   14.3887   14.7945   15.2182   15.6598   16.1193   16.5964   17.0910   17.6027   18.1312   18.6761   19.2368   19.8126   20.4029   21.0069   21.6238   22.2526   22.8923   23.5419   24.2003   24.8664   25.5388   26.2165   26.8980   27.5822   28.2677
   18.3465   17.9677   17.5898   17.2135   16.8396   16.4689   16.1022   15.7401   15.3835   15.0329   14.6891   14.3526   14.0240   13.7039   13.3926   13.0907   12.7986   12.5164   12.2446   11.9834   11.7329   11.4933   11.2647   11.0471   10.8405   10.6448   10.4600   10.2860   10.1225    9.9695    9.8266    9.6936    9.5702    9.4563    9.3513    9.2551    9.1673    9.0875    9.0153    8.9505    8.8927    8.8416    8.7967    8.7577    8.7243    8.6962    8.6731    8.6546    8.6405    8.6305    8.6243    8.6217    8.6225    8.6265    8.6335    8.6434    8.6559    8.6710    8.6886    8.7085    8.7308    8.7554    8.7823    8.8115    8.8430    8.8769    8.9133    8.9523    8.9940    9.0385    9.0861    9.1370    9.1914    9.2495    9.3116    9.3781    9.4493    9.5255    9.6071    9.6946    9.7883    9.8887    9.9963   10.1116   10.2351   10.3673   10.5088   10.6601   10.8217   10.9943   11.1783   11.3744   11.5832   11.8050   12.0406   12.2904   12.5548   12.8345   13.1297   13.4409   13.7684   14.1126   14.4736   14.8518   15.2472   15.6598   16.0898   16.5371   17.0014   17.4827   17.9806   18.4947   19.0246   19.5698   20.1297   20.7036   21.2908   21.8904   22.5015   23.1233   23.7546   24.3944   25.0416   25.6950   26.3534   27.0157   27.6804   28.3465
   18.4252   18.0622   17.7000   17.3394   16.9811   16.6259   16.2745   15.9276   15.5859   15.2502   14.9209   14.5987   14.2842   13.9778   13.6800   13.3912   13.1118   12.8421   12.5824   12.3329   12.0938   11.8652   11.6472   11.4398   11.2431   11.0569   10.8812   10.7159   10.5608   10.4158   10.2806   10.1549   10.0386    9.9313    9.8327    9.7426    9.6605    9.5862    9.5194    9.4596    9.4065    9.3599    9.3193    9.2845    9.2550    9.2307    9.2111    9.1960    9.1852    9.1783    9.1751    9.1754    9.1790    9.1856    9.1952    9.2074    9.2223    9.2397    9.2594    9.2815    9.3058    9.3323    9.3611    9.3920    9.4252    9.4608    9.4987    9.5391    9.5821    9.6279    9.6767    9.7286    9.7838    9.8427    9.9055    9.9725   10.0440   10.1203   10.2019   10.2891   10.3824   10.4821   10.5888   10.7029   10.8248   10.9552   11.0946   11.2434   11.4022   11.5715   11.7520   11.9440   12.1483   12.3652   12.5954   12.8393   13.0973   13.3700   13.6577   13.9609   14.2798   14.6147   14.9660   15.3338   15.7182   16.1193   16.5371   16.9715   17.4225   17.8898   18.3731   18.8721   19.3863   19.9154   20.4585   21.0152   21.5847   22.1662   22.7589   23.3617   23.9738   24.5941   25.2215   25.8550   26.4933   27.1352   27.7796   28.4252
   18.5039   18.1575   17.8118   17.4675   17.1256   16.7866   16.4513   16.1203   15.7944   15.4741   15.1601   14.8529   14.5531   14.2611   13.9774   13.7023   13.4364   13.1797   12.9327   12.6955   12.4682   12.2511   12.0442   11.8476   11.6612   11.4849   11.3188   11.1626   11.0163   10.8797   10.7525   10.6345   10.5255   10.4252   10.3334   10.2496   10.1736   10.1051   10.0437    9.9891    9.9411    9.8992    9.8631    9.8325    9.8072    9.7867    9.7709    9.7594    9.7520    9.7483    9.7483    9.7516    9.7580    9.7674    9.7796    9.7944    9.8118    9.8315    9.8535    9.8778    9.9042    9.9327    9.9634    9.9962   10.0312   10.0684   10.1079   10.1498   10.1942   10.2413   10.2913   10.3442   10.4004   10.4601   10.5236   10.5910   10.6628   10.7393   10.8209   10.9078   11.0006   11.0995   11.2052   11.3180   11.4384   11.5669   11.7040   11.8502   12.0060   12.1720   12.3487   12.5365   12.7361   12.9479   13.1723   13.4100   13.6613   13.9268   14.2066   14.5014   14.8112   15.1366   15.4776   15.8345   16.2074   16.5964   17.0014   17.4225   17.8594   18.3121   18.7802   19.2634   19.7612   20.2733   20.7989   21.3376   21.8886   22.4512   23.0245   23.6076   24.1996   24.7995   25.4062   26.0187   26.6359   27.2566   27.8797   28.5039
   18.5827   18.2535   17.9250   17.5979   17.2730   16.9510   16.6325   16.3182   16.0087   15.7046   15.4065   15.1150   14.8306   14.5536   14.2846   14.0240   13.7720   13.5290   13.2952   13.0708   12.8560   12.6509   12.4557   12.2702   12.0946   11.9287   11.7725   11.6259   11.4888   11.3609   11.2421   11.1322   11.0309   10.9379   10.8529   10.7758   10.7061   10.6436   10.5880   10.5389   10.4960   10.4591   10.4277   10.4017   10.3806   10.3642   10.3523   10.3445   10.3406   10.3404   10.3436   10.3500   10.3594   10.3717   10.3867   10.4041   10.4240   10.4462   10.4706   10.4971   10.5257   10.5563   10.5890   10.6237   10.6606   10.6995   10.7407   10.7841   10.8300   10.8785   10.9296   10.9837   11.0408   11.1014   11.1655   11.2334   11.3056   11.3822   11.4637   11.5503   11.6425   11.7408   11.8454   11.9568   12.0756   12.2021   12.3368   12.4803   12.6330   12.7955   12.9682   13.1516   13.3463   13.5526   13.7712   14.0024   14.2467   14.5045   14.7762   15.0621   15.3626   15.6779   16.0082   16.3538   16.7147   17.0910   17.4827   17.8898   18.3121   18.7495   19.2017   19.6683   20.1490   20.6434   21.1508   21.6707   22.2024   22.7452   23.2982   23.8607   24.4317   25.0103   25.5955   26.1862   26.7814   27.3799   27.9807   28.5827
   18.6614   18.3502   18.0397   17.7305   17.4234   17.1191   16.8181   16.5211   16.2287   15.9415   15.6601   15.3849   15.1165   14.8552   14.6016   14.3559   14.1185   13.8897   13.6697   13.4587   13.2569   13.0644   12.8812   12.7074   12.5430   12.3880   12.2422   12.1056   11.9780   11.8593   11.7492   11.6476   11.5543   11.4689   11.3912   11.3210   11.2579   11.2017   11.1520   11.1086   11.0711   11.0393   11.0128   10.9915   10.9748   10.9627   10.9548   10.9509   10.9507   10.9540   10.9606   10.9703   10.9828   10.9981   11.0159   11.0361   11.0586   11.0834   11.1102   11.1391   11.1699   11.2027   11.2375   11.2742   11.3130   11.3537   11.3966   11.4417   11.4890   11.5389   11.5913   11.6465   11.7047   11.7660   11.8308   11.8993   11.9718   12.0486   12.1299   12.2163   12.3079   12.4053   12.5088   12.6189   12.7359   12.8603   12.9926   13.1333   13.2827   13.4415   13.6101   13.7889   13.9784   14.1792   14.3916   14.6160   14.8530   15.1029   15.3661   15.6428   15.9335   16.2383   16.5575   16.8912   17.2396   17.6027   17.9806   18.3731   18.7802   19.2017   19.6373   20.0867   20.5496   21.0255   21.5139   22.0143   22.5259   23.0480   23.5801   24.1211   24.6702   25.2267   25.7893   26.3573   26.9296   27.5050   28.0827   28.6614
   18.7402   18.4477   18.1558   17.8653   17.5767   17.2907   17.0079   16.7290   16.4544   16.1848   15.9206   15.6624   15.4107   15.1658   14.9281   14.6980   14.4758   14.2617   14.0561   13.8590   13.6706   13.4911   13.3205   13.1589   13.0062   12.8624   12.7274   12.6011   12.4835   12.3743   12.2733   12.1804   12.0953   12.0178   11.9477   11.8847   11.8284   11.7787   11.7352   11.6977   11.6659   11.6394   11.6180   11.6015   11.5895   11.5818   11.5781   11.5782   11.5818   11.5888   11.5989   11.6119   11.6277   11.6460   11.6668   11.6899   11.7152   11.7425   11.7719   11.8032   11.8364   11.8715   11.9084   11.9472   11.9879   12.0305   12.0751   12.1219   12.1708   12.2221   12.2758   12.3322   12.3914   12.4536   12.5191   12.5881   12.6610   12.7379   12.8191   12.9052   12.9962   13.0928   13.1951   13.3037   13.4189   13.5411   13.6709   13.8086   13.9547   14.1096   14.2739   14.4479   14.6321   14.8270   15.0330   15.2504   15.4798   15.7215   15.9758   16.2430   16.5234   16.8174   17.1250   17.4464   17.7818   18.1312   18.4947   18.8721   19.2634   19.6683   20.0867   20.5183   20.9627   21.4194   21.8881   22.3681   22.8588   23.3596   23.8697   24.3885   24.9149   25.4483   25.9876   26.5320   27.0805   27.6320   28.1856   28.7402
   18.8189   18.5458   18.2733   18.0021   17.7327   17.4658   17.2019   16.9417   16.6856   16.4342   16.1880   15.9474   15.7129   15.4849   15.2638   15.0498   14.8434   14.6446   14.4539   14.2712   14.0969   13.9309   13.7733   13.6243   13.4837   13.3515   13.2277   13.1122   13.0049   12.9055   12.8139   12.7300   12.6536   12.5843   12.5220   12.4663   12.4172   12.3742   12.3372   12.3058   12.2797   12.2588   12.2427   12.2312   12.2240   12.2208   12.2215   12.2257   12.2333   12.2441   12.2578   12.2743   12.2934   12.3149   12.3388   12.3648   12.3930   12.4230   12.4550   12.4889   12.5245   12.5619   12.6011   12.6420   12.6847   12.7293   12.7757   12.8242   12.8747   12.9274   12.9825   13.0401   13.1003   13.1635   13.2297   13.2993   13.3725   13.4495   13.5307   13.6163   13.7068   13.8024   13.9036   14.0106   14.1239   14.2439   14.3710   14.5056   14.6482   14.7992   14.9590   15.1280   15.3067   15.4956   15.6949   15.9051   16.1266   16.3597   16.6048   16.8621   17.1320   17.4146   17.7102   18.0190   18.3409   18.6761   19.0246   19.3863   19.7612   20.1490   20.5496   20.9627   21.3879   21.8248   22.2729   22.7319   23.2009   23.6796   24.1671   24.6627   25.1656   25.6751   26.1903   26.7102   27.2340   27.7607   28.2893   28.8189
   18.8976   18.6446   18.3922   18.1410   17.8915   17.6443   17.4000   17.1591   16.9221   16.6895   16.4619   16.2395   16.0229   15.8125   15.6084   15.4112   15.2210   15.0381   14.8628   14.6951   14.5352   14.3832   14.2391   14.1031   13.9750   13.8549   13.7427   13.6383   13.5416   13.4524   13.3706   13.2960   13.2284   13.1676   13.1134   13.0655   13.0236   12.9876   12.9572   12.9321   12.9121   12.8969   12.8863   12.8799   12.8776   12.8792   12.8843   12.8929   12.9046   12.9193   12.9367   12.9568   12.9794   13.0042   13.0312   13.0603   13.0914   13.1243   13.1590   13.1954   13.2335   13.2733   13.3148   13.3579   13.4027   13.4492   13.4976   13.5478   13.6000   13.6542   13.7107   13.7695   13.8309   13.8949   13.9619   14.0320   14.1055   14.1827   14.2638   14.3491   14.4389   14.5336   14.6335   14.7389   14.8502   14.9679   15.0923   15.2237   15.3627   15.5095   15.6647   15.8286   16.0016   16.1841   16.3766   16.5793   16.7926   17.0169   17.2524   17.4996   17.7585   18.0295   18.3127   18.6082   18.9163   19.2368   19.5698   19.9154   20.2733   20.6434   21.0255   21.4194   21.8248   22.2411   22.6682   23.1053   23.5520   24.0077   24.4718   24.9435   25.4222   25.9070   26.3971   26.8917   27.3900   27.8910   28.3939   28.8976
   18.9764   18.7441   18.5124   18.2818   18.0528   17.8260   17.6018   17.3809   17.1637   16.9506   16.7421   16.5385   16.3404   16.1480   15.9617   15.7817   15.6083   15.4418   15.2823   15.1300   14.9851   14.8475   14.7174   14.5948   14.4797   14.3720   14.2718   14.1788   14.0931   14.0144   13.9427   13.8777   13.8192   13.7672   13.7213   13.6813   13.6470   13.6182   13.5947   13.5761   13.5623   13.5530   13.5479   13.5469   13.5497   13.5561   13.5659   13.5789   13.5948   13.6135   13.6348   13.6586   13.6847   13.7130   13.7433   13.7755   13.8095   13.8453   13.8828   13.9219   13.9626   14.0049   14.0487   14.0941   14.1410   14.1896   14.2399   14.2919   14.3458   14.4016   14.4595   14.5196   14.5821   14.6471   14.7148   14.7855   14.8594   14.9367   15.0176   15.1025   15.1917   15.2854   15.3840   15.4877   15.5971   15.7123   15.8338   15.9620   16.0972   16.2398   16.3902   16.5488   16.7159   16.8919   17.0773   17.2722   17.4771   17.6923   17.9181   18.1546   18.4023   18.6612   18.9316   19.2136   19.5072   19.8126   20.1297   20.4585   20.7989   21.1508   21.5139   21.8881   22.2729   22.6682   23.0733   23.4880   23.9116   24.3437   24.7836   25.2307   25.6843   26.1436   26.6080   27.0765   27.5485   28.0230   28.4993   28.9764
   19.0551   18.8442   18.6338   18.4244   18.2165   18.0107   17.8074   17.6070   17.4101   17.2171   17.0283   16.8441   16.6650   16.4912   16.3231   16.1609   16.0049   15.8552   15.7121   15.5756   15.4460   15.3233   15.2076   15.0988   14.9970   14.9022   14.8142   14.7331   14.6586   14.5908   14.5294   14.4743   14.4253   14.3822   14.3449   14.3131   14.2866   14.2652   14.2487   14.2368   14.2294   14.2261   14.2269   14.2314   14.2394   14.2508   14.2654   14.2829   14.3031   14.3260   14.3513   14.3789   14.4086   14.4403   14.4740   14.5094   14.5466   14.5854   14.6257   14.6676   14.7109   14.7557   14.8019   14.8496   14.8988   14.9495   15.0017   15.0556   15.1112   15.1686   15.2280   15.2894   15.3530   15.4190   15.4875   15.5588   15.6330   15.7104   15.7912   15.8757   15.9642   16.0569   16.1541   16.2562   16.3634   16.4762   16.5948   16.7196   16.8509   16.9891   17.1346   17.2877   17.4488   17.6181   17.7961   17.9831   18.1793   18.3851   18.6008   18.8265   19.0625   19.3091   19.5663   19.8343   20.1131   20.4029   20.7036   21.0152   21.3376   21.6707   22.0143   22.3681   22.7319   23.1053   23.4880   23.8795   24.2794   24.6872   25.1022   25.5240   25.9517   26.3849   26.8227   27.2644   27.7093   28.1565   28.6054   29.0551
   19.1339   18.9449   18.7564   18.5688   18.3827   18.1984   18.0164   17.8372   17.6612   17.4887   17.3202   17.1560   16.9964   16.8417   16.6923   16.5483   16.4101   16.2777   16.1514   16.0313   15.9175   15.8100   15.7090   15.6145   15.5263   15.4447   15.3693   15.3003   15.2375   15.1808   15.1300   15.0850   15.0457   15.0119   14.9834   14.9600   14.9415   14.9277   14.9184   14.9134   14.9125   14.9155   14.9222   14.9323   14.9458   14.9623   14.9817   15.0039   15.0286   15.0557   15.0851   15.1165   15.1500   15.1853   15.2224   15.2612   15.3015   15.3433   15.3866   15.4313   15.4773   15.5247   15.5734   15.6235   15.6749   15.7278   15.7820   15.8378   15.8952   15.9543   16.0151   16.0778   16.1426   16.2096   16.2789   16.3508   16.4253   16.5029   16.5835   16.6676   16.7554   16.8470   16.9429   17.0432   17.1483   17.2585   17.3741   17.4954   17.6227   17.7565   17.8969   18.0444   18.1992   18.3617   18.5322   18.7109   18.8982   19.0944   19.2997   19.5143   19.7384   19.9722   20.2158   20.4695   20.7332   21.0069   21.2908   21.5847   21.8886   22.2024   22.5259   22.8588   23.2009   23.5520   23.9116   24.2794   24.6550   25.0378   25.4273   25.8230   26.2242   26.6305   27.0410   27.4552   27.8722   28.2915   28.7123   29.1339
   19.2126   19.0461   18.8800   18.7149   18.5510   18.3888   18.2287   18.0712   17.9166   17.7652   17.6174   17.4736   17.3341   17.1990   17.0688   16.9435   16.8235   16.7089   16.5998   16.4964   16.3987   16.3069   16.2210   16.1410   16.0669   15.9987   15.9364   15.8798   15.8289   15.7835   15.7436   15.7091   15.6797   15.6554   15.6359   15.6211   15.6107   15.6047   15.6029   15.6049   15.6107   15.6201   15.6329   15.6488   15.6677   15.6895   15.7139   15.7408   15.7701   15.8016   15.8351   15.8706   15.9078   15.9468   15.9874   16.0296   16.0731   16.1181   16.1644   16.2119   16.2607   16.3108   16.3620   16.4145   16.4683   16.5233   16.5797   16.6374   16.6966   16.7573   16.8197   16.8838   16.9497   17.0177   17.0878   17.1603   17.2352   17.3129   17.3934   17.4771   17.5641   17.6547   17.7491   17.8476   17.9505   18.0581   18.1706   18.2883   18.4116   18.5407   18.6759   18.8176   18.9661   19.1215   19.2843   19.4546   19.6328   19.8191   20.0138   20.2169   20.4288   20.6496   20.8794   21.1183   21.3664   21.6238   21.8904   22.1662   22.4512   22.7452   23.0480   23.3596   23.6796   24.0077   24.3437   24.6872   25.0378   25.3949   25.7583   26.1273   26.5015   26.8801   27.2627   27.6487   28.0373   28.4279   28.8199   29.2126
   19.2913   19.1478   19.0047   18.8624   18.7213   18.5817   18.4440   18.3087   18.1759   18.0461   17.9196   17.7967   17.6776   17.5626   17.4520   17.3459   17.2445   17.1480   17.0565   16.9702   16.8891   16.8133   16.7429   16.6778   16.6180   16.5636   16.5145   16.4706   16.4318   16.3981   16.3694   16.3455   16.3263   16.3116   16.3013   16.2953   16.2933   16.2953   16.3010   16.3103   16.3229   16.3388   16.3578   16.3796   16.4041   16.4313   16.4608   16.4926   16.5265   16.5624   16.6002   16.6398   16.6810   16.7237   16.7679   16.8135   16.8603   16.9085   16.9578   17.0083   17.0599   17.1127   17.1665   17.2215   17.2776   17.3349   17.3934   17.4531   17.5141   17.5766   17.6405   17.7060   17.7731   17.8421   17.9131   17.9861   18.0615   18.1392   18.2196   18.3028   18.3890   18.4785   18.5715   18.6682   18.7688   18.8737   18.9830   19.0971   19.2162   19.3406   19.4706   19.6063   19.7482   19.8965   20.0514   20.2131   20.3820   20.5582   20.7420   20.9334   21.1328   21.3403   21.5559   21.7798   22.0120   22.2526   22.5015   22.7589   23.0245   23.2982   23.5801   23.8697   24.1671   24.4718   24.7836   25.1022   25.4273   25.7583   26.0949   26.4367   26.7831   27.1336   27.4876   27.8447   28.2042   28.5656   28.9281   29.2913
   19.3701   19.2501   19.1304   19.0114   18.8935   18.7770   18.6622   18.5494   18.4390   18.3312   18.2264   18.1247   18.0265   17.9320   17.8414   17.7548   17.6724   17.5944   17.5210   17.4521   17.3879   17.3284   17.2737   17.2238   17.1787   17.1383   17.1027   17.0718   17.0454   17.0236   17.0062   16.9932   16.9843   16.9795   16.9786   16.9816   16.9881   16.9982   17.0116   17.0283   17.0479   17.0704   17.0957   17.1236   17.1539   17.1864   17.2212   17.2579   17.2966   17.3371   17.3792   17.4229   17.4681   17.5146   17.5625   17.6116   17.6618   17.7132   17.7656   17.8191   17.8736   17.9291   17.9856   18.0431   18.1017   18.1612   18.2218   18.2836   18.3465   18.4107   18.4762   18.5431   18.6115   18.6815   18.7533   18.8270   18.9026   18.9805   19.0607   19.1435   19.2289   19.3173   19.4087   19.5035   19.6019   19.7040   19.8101   19.9205   20.0353   20.1549   20.2794   20.4092   20.5444   20.6853   20.8322   20.9852   21.1445   21.3104   21.4831   21.6626   21.8493   22.0431   22.2443   22.4528   22.6688   22.8923   23.1233   23.3617   23.6076   23.8607   24.1211   24.3885   24.6627   24.9435   25.2307   25.5240   25.8230   26.1273   26.4367   26.7506   27.0687   27.3905   27.7154   28.0431   28.3729   28.7044   29.0370   29.3701
   19.4488   19.3527   19.2569   19.1617   19.0674   18.9743   18.8828   18.7930   18.7053   18.6200   18.5372   18.4573   18.3804   18.3067   18.2364   18.1696   18.1067   18.0475   17.9923   17.9412   17.8942   17.8513   17.8127   17.7782   17.7480   17.7220   17.7001   17.6823   17.6687   17.6589   17.6531   17.6511   17.6527   17.6580   17.6667   17.6788   17.6940   17.7124   17.7336   17.7577   17.7845   17.8138   17.8455   17.8795   17.9156   17.9537   17.9938   18.0356   18.0791   18.1241   18.1707   18.2186   18.2678   18.3182   18.3698   18.4225   18.4762   18.5309   18.5865   18.6430   18.7004   18.7588   18.8179   18.8780   18.9390   19.0008   19.0636   19.1274   19.1923   19.2582   19.3253   19.3936   19.4633   19.5344   19.6070   19.6813   19.7573   19.8353   19.9154   19.9976   20.0823   20.1695   20.2594   20.3523   20.4483   20.5476   20.6504   20.7570   20.8675   20.9822   21.1012   21.2249   21.3533   21.4867   21.6254   21.7695   21.9191   22.0745   22.2359   22.4033   22.5770   22.7570   22.9434   23.1364   23.3358   23.5419   23.7546   23.9738   24.1996   24.4317   24.6702   24.9149   25.1656   25.4222   25.6843   25.9517   26.2242   26.5015   26.7831   27.0687   27.3580   27.6505   27.9459   28.2436   28.5432   28.8443   29.1463   29.4488
   19.5276   19.4557   19.3841   19.3130   19.2428   19.1735   19.1056   19.0393   18.9747   18.9121   18.8517   18.7938   18.7385   18.6859   18.6363   18.5898   18.5465   18.5065   18.4699   18.4368   18.4072   18.3812   18.3589   18.3401   18.3250   18.3135   18.3056   18.3013   18.3004   18.3030   18.3089   18.3181   18.3304   18.3459   18.3643   18.3856   18.4097   18.4364   18.4657   18.4974   18.5314   18.5675   18.6058   18.6460   18.6880   18.7318   18.7772   18.8241   18.8725   18.9223   18.9733   19.0255   19.0788   19.1332   19.1885   19.2448   19.3020   19.3600   19.4189   19.4785   19.5389   19.6000   19.6619   19.7246   19.7880   19.8522   19.9173   19.9832   20.0499   20.1176   20.1863   20.2561   20.3271   20.3992   20.4727   20.5476   20.6240   20.7021   20.7820   20.8638   20.9476   21.0337   21.1221   21.2130   21.3066   21.4030   21.5025   21.6052   21.7113   21.8210   21.9345   22.0519   22.1734   22.2993   22.4296   22.5646   22.7044   22.8492   22.9991   23.1542   23.3147   23.4806   23.6521   23.8292   24.0119   24.2003   24.3944   24.5941   24.7995   25.0103   25.2267   25.4483   25.6751   25.9070   26.1436   26.3849   26.6305   26.8801   27.1336   27.3905   27.6505   27.9134   28.1787   28.4460   28.7149   28.9851   29.2561   29.5276
   19.6063   19.5590   19.5120   19.4654   19.4194   19.3744   19.3304   19.2877   19.2466   19.2071   19.1694   19.1338   19.1004   19.0693   19.0406   19.0145   18.9912   18.9705   18.9528   18.9379   18.9261   18.9172   18.9113   18.9085   18.9087   18.9120   18.9182   18.9275   18.9396   18.9546   18.9724   18.9929   19.0162   19.0419   19.0702   19.1009   19.1339   19.1692   19.2065   19.2459   19.2872   19.3303   19.3751   19.4216   19.4697   19.5192   19.5700   19.6222   19.6755   19.7300   19.7856   19.8421   19.8996   19.9579   20.0171   20.0771   20.1378   20.1992   20.2613   20.3240   20.3874   20.4514   20.5161   20.5814   20.6473   20.7139   20.7812   20.8492   20.9179   20.9874   21.0578   21.1290   21.2012   21.2745   21.3488   21.4244   21.5012   21.5794   21.6591   21.7404   21.8234   21.9082   21.9951   22.0840   22.1752   22.2687   22.3648   22.4636   22.5653   22.6699   22.7777   22.8888   23.0033   23.1215   23.2434   23.3692   23.4990   23.6330   23.7713   23.9140   24.0611   24.2128   24.3691   24.5301   24.6959   24.8664   25.0416   25.2215   25.4062   25.5955   25.7893   25.9876   26.1903   26.3971   26.6080   26.8227   27.0410   27.2627   27.4876   27.7154   27.9459   28.1787   28.4134   28.6499   28.8878   29.1267   29.3663   29.6063
   19.6850   19.6626   19.6404   19.6185   19.5972   19.5766   19.5568   19.5381   19.5206   19.5044   19.4898   19.4767   19.4654   19.4560   19.4485   19.4432   19.4399   19.4389   19.4402   19.4438   19.4498   19.4582   19.4691   19.4824   19.4981   19.5162   19.5368   19.5597   19.5850   19.6126   19.6424   19.6745   19.7086   19.7449   19.7831   19.8233   19.8653   19.9092   19.9547   20.0018   20.0505   20.1007   20.1522   20.2051   20.2592   20.3144   20.3708   20.4282   20.4866   20.5458   20.6060   20.6669   20.7286   20.7909   20.8540   20.9176   20.9819   21.0467   21.1121   21.1780   21.2445   21.3114   21.3788   21.4468   21.5153   21.5843   21.6538   21.7239   21.7946   21.8660   21.9380   22.0107   22.0842   22.1585   22.2337   22.3099   22.3871   22.4654   22.5449   22.6257   22.7079   22.7915   22.8768   22.9637   23.0524   23.1430   23.2357   23.3306   23.4277   23.5272   23.6293   23.7340   23.8415   23.9518   24.0652   24.1817   24.3015   24.4246   24.5511   24.6811   24.8148   24.9521   25.0931   25.2379   25.3864   25.5388   25.6950   25.8550   26.0187   26.1862   26.3573   26.5320   26.7102   26.8917   27.0765   27.2644   27.4552   27.6487   27.8447   28.0431   28.2436   28.4460   28.6499   28.8553   29.0618   29.2691   29.4769   29.6850
   19.7638   19.7665   19.7693   19.7724   19.7759   19.7799   19.7846   19.7900   19.7964   19.8038   19.8123   19.8220   19.8330   19.8455   19.8594   19.8749   19.8920   19.9108   19.9313   19.9535   19.9776   20.0034   20.0311   20.0606   20.0920   20.1252   20.1602   20.1969   20.2355   20.2758   20.3177   20.3614   20.4066   20.4534   20.5017   20.5514   20.6025   20.6550   20.7088   20.7638   20.8199   20.8772   20.9354   20.9947   21.0549   21.1160   21.1780   21.2406   21.3041   21.3682   21.4329   21.4983   21.5642   21.6306   21.6976   21.7650   21.8328   21.9011   21.9698   22.0389   22.1084   22.1783   22.2485   22.3191   22.3901   22.4616   22.5334   22.6056   22.6783   22.7515   22.8252   22.8994   22.9742   23.0496   23.1257   23.2026   23.2801   23.3586   23.4379   23.5182   23.5995   23.6819   23.7655   23.8504   23.9367   24.0244   24.1136   24.2044   24.2970   24.3914   24.4876   24.5859   24.6862   24.7888   24.8936   25.0007   25.1103   25.2224   25.3371   25.4544   25.5744   25.6971   25.8227   25.9511   26.0823   26.2165   26.3534   26.4933   26.6359   26.7814   26.9296   27.0805   27.2340   27.3900   27.5485   27.7093   27.8722   28.0373   28.2042   28.3729   28.5432   28.7149   28.8878   29.0618   29.2365   29.4119   29.5877   29.7638
   19.8425   19.8705   19.8985   19.9267   19.9552   19.9840   20.0133   20.0431   20.0735   20.1046   20.1364   20.1691   20.2026   20.2370   20.2725   20.3090   20.3465   20.3852   20.4251   20.4661   20.5083   20.5517   20.5964   20.6422   20.6893   20.7376   20.7872   20.8379   20.8898   20.9428   20.9970   21.0523   21.1086   21.1660   21.2244   21.2838   21.3441   21.4053   21.4674   21.5303   21.5939   21.6583   21.7234   21.7891   21.8555   21.9224   21.9900   22.0580   22.1265   22.1955   22.2648   22.3346   22.4048   22.4753   22.5462   22.6174   22.6888   22.7606   22.8326   22.9049   22.9775   23.0503   23.1234   23.1967   23.2703   23.3441   23.4183   23.4927   23.5674   23.6424   23.7178   23.7935   23.8696   23.9461   24.0231   24.1005   24.1785   24.2570   24.3362   24.4159   24.4964   24.5776   24.6596   24.7425   24.8262   24.9109   24.9967   25.0835   25.1715   25.2606   25.3511   25.4429   25.5361   25.6307   25.7268   25.8245   25.9239   26.0249   26.1276   26.2321   26.3384   26.4466   26.5566   26.6685   26.7823   26.8980   27.0157   27.1352   27.2566   27.3799   27.5050   27.6320   27.7607   27.8910   28.0230   28.1565   28.2915   28.4279   28.5656   28.7044   28.8443   28.9851   29.1267   29.2691   29.4119   29.5552   29.6988   29.8425
   19.9213   19.9746   20.0279   20.0814   20.1350   20.1887   20.2427   20.2969   20.3515   20.4064   20.4616   20.5173   20.5734   20.6300   20.6871   20.7446   20.8028   20.8615   20.9207   20.9806   21.0411   21.1021   21.1638   21.2261   21.2890   21.3525   21.4166   21.4813   21.5466   21.6125   21.6789   21.7459   21.8135   21.8815   21.9501   22.0191   22.0887   22.1586   22.2290   22.2998   22.3710   22.4425   22.5144   22.5867   22.6592   22.7321   22.8052   22.8786   22.9522   23.0260   23.1001   23.1744   23.2488   23.3234   23.3982   23.4732   23.5483   23.6235   23.6989   23.7744   23.8501   23.9259   24.0018   24.0778   24.1539   24.2302   24.3067   24.3832   24.4600   24.5368   24.6139   24.6911   24.7685   24.8462   24.9240   25.0021   25.0805   25.1591   25.2381   25.3173   25.3969   25.4769   25.5573   25.6381   25.7193   25.8010   25.8833   25.9661   26.0494   26.1334   26.2180   26.3033   26.3892   26.4759   26.5634   26.6516   26.7407   26.8306   26.9213   27.0129   27.1055   27.1989   27.2933   27.3887   27.4850   27.5822   27.6804   27.7796   27.8797   27.9807   28.0827   28.1856   28.2893   28.3939   28.4993   28.6054   28.7123   28.8199   28.9281   29.0370   29.1463   29.2561   29.3663   29.4769   29.5877   29.6988   29.8100   29.9213
   20.0000   20.0787   20.1575   20.2362   20.3150   20.3937   20.4724   20.5512   20.6299   20.7087   20.7874   20.8661   20.9449   21.0236   21.1024   21.1811   21.2598   21.3386   21.4173   21.4961   21.5748   21.6535   21.7323   21.8110   21.8898   21.9685   22.0472   22.1260   22.2047   22.2835   22.3622   22.4409   22.5197   22.5984   22.6772   22.7559   22.8346   22.9134   22.9921   23.0709   23.1496   23.2283   23.3071   23.3858   23.4646   23.5433   23.6220   23.7008   23.7795   23.8583   23.9370   24.0157   24.0945   24.1732   24.2520   24.3307   24.4094   24.4882   24.5669   24.6457   24.7244   24.8031   24.8819   24.9606   25.0394   25.1181   25.1969   25.2756   25.3543   25.4331   25.5118   25.5906   25.6693   25.7480   25.8268   25.9055   25.9843   26.0630   26.1417   26.2205   26.2992   26.3780   26.4567   26.5354   26.6142   26.6929   26.7717   26.8504   26.9291   27.0079   27.0866   27.1654   27.2441   27.3228   27.4016   27.4803   27.5591   27.6378   27.7165   27.7953   27.8740   27.9528   28.0315   28.1102   28.1890   28.2677   28.3465   28.4252   28.5039   28.5827   28.6614   28.7402   28.8189   28.8976   28.9764   29.0551   29.1339   29.2126   29.2913   29.3701   29.4488   29.5276   29.6063   29.6850   29.7638   29.8425   29.9213   30.0000
